nombinnieonly,checking,genus,species,authority,unique_name,taxon_name_original,taxname_source,taxon,order,family,subfamily_tribe,size,flightless,trophic_level,foodtype,adult_position,usual_habitat_adult,usual_habitat_larvae,genus,species,introduced,combined,finegroups,coursegroups1,coursegroups2 ,combined2,newgroups,disturbance index,response group,sigagvsnombpermutation
agorboth,,Agasthenes,sp.,,,Agasthenes sp.,,arthropod,Coleoptera,Tenebrionidae,Cyphaleini,2,yes,scavenger,dead plant material,concealed places/nocturnal,concealed places/nocturnal,subterranean ?,Agasthenes,sp.,,2 yes scavenger on,11,9,7,on yes scavenger 2,6,,,cont>ag
agorboth,,Arthropterus,sp. 5,,,Arthropterus sp. 5,,arthropod,Coleoptera,Carabidae,Paussinae,2,no(m)_yes(f),carnivore,larvae prey on ants,on,under bark/logs,live with ants ?,Arthropterus,sp. 5,,2 yes carnivore on,10,8,6,on yes carnivore 2,13,,,cont>ag
agorboth,strip,Arthropterus,sp. 8,,,Arthropterus sp. 8,,arthropod,Coleoptera,Carabidae,Paussinae,2,no(m)_yes(f),carnivore,larvae prey on ants,on,under bark/logs,live with ants ? ,Arthropterus,sp. 8,,2 yes carnivore on,10,8,6,on yes carnivore 2,13,0.698818182,2,ag>cont
agorboth,,Carenum,scaritoides,Westwood,Carenum scaritoides,,AFD,arthropod,Coleoptera,Carabidae,Scaritini,3,yes,carnivore,,under,fossorial/nocturnal,,Carenum,scaritoides,,3 yes carnivore under,15.1,13,9,under yes carnivore 3,15,,,cont>ag
agorboth,paddock,Cenogmus,sp. 1,,,Cenogmus sp. 1,,arthropod,Coleoptera,Carabidae,Harpalini,1,no,omnivore(granivore),,on,ground,,Cenogmus,sp. 1,,1 no omnivore on,4,3,5,on no omnivore 1,11,5.4945,4,ag>cont
agorboth,,Colpochila,sp. 2,,,Colpochila sp. 2,,arthropod,Coleoptera,Scarabaeidae,Melolonthinae,2,no,herbivore,adults foliage Eucalypts/larvae humus or roots,above,,in soil,Colpochila,sp. 2,,2 no herbivore above,8,6,2,above no herbivore 2,12,,,cont>ag
agorboth,road,Cratogaster,melas,(Castelnau),Cratogaster melas,,AFD,arthropod,Coleoptera,Carabidae,Pterostichini,3,yes,carnivore,,on,ground,,Cratogaster,melas,,3 yes carnivore on,15,13,6,on yes carnivore 3,17,2.0672,3,cont>ag
agorboth,,Gigaderma,bostocki,Castelnau,Gigadema bostocki,Gigaderma bostocki,AFD,arthropod,Coleoptera,Carabidae,Helluonini,4,no,carnivore,,above,arboreal/under bark,,Gigaderma,bostocki,,3 no carnivore above,12,10,1,above no carnivore 3,2,,,cont>ag
agorboth,,Gnathaphanus,melbournensis,(Castelnau),Gnathaphanus melbournensis,,AFD,arthropod,Coleoptera,Carabidae,Harpalini,1,no,omnivore(granivore),,on,ground,,Gnathaphanus,melbournensis,,1 no omnivore on,4,3,5,on no omnivore 1,11,2.085803371,4,ag>cont
agorboth,,Heteronyx,agricola,Blackburn,Heteronyx agricola,,AFD,arthropod,Coleoptera,Scarabaeidae,Melolonthinae,1,no,herbivore,adults foliage Eucalypts/larvae humus or roots,above,,in soil,Heteronyx,agricola,,1 no herbivore above,3,2,2,above no herbivore 1,10,1.368350515,2,ag>cont
agorboth,strip,Heteronyx,constans,Blackburn,Heteronyx constans,,AFD,arthropod,Coleoptera,Scarabaeidae,Melolonthinae,2,no,herbivore,adults foliage Eucalypts/larvae humus or roots,above,,in soil,Heteronyx,constans,,2 no herbivore above,8,6,2,above no herbivore 2,12,4.92126087,2,ag>cont
agorboth,,Heteronyx,sp. 5,,,Heteronyx sp. 5,,arthropod,Coleoptera,Scarabaeidae,Melolonthinae,1,no,herbivore,adults foliage Eucalypts/larvae humus or roots,above,,in soil,Heteronyx,sp. 5,,1 no herbivore above,3,2,2,above no herbivore 1,10,,,cont>ag
agorboth,,Homotrysis,tenebrioides,Blackburn,Metistete tenebrioides,Homotrysis tenebrioides,AFD,arthropod,Coleoptera,Tenebrionidae,Alleculinae,2,no,scavenger,,above,,,Homotrysis,tenebrioides,,2 no scavenger ,9.1,7,, no scavenger 2,8,,,cont>ag
agorboth,,Liparetrus,ovipennis,Britton,Liparetrus ovipennis,,AFD,arthropod,Coleoptera,Scarabaeidae,Melolonthinae,1,no,herbivore,adults flowers/foliage Eucalypts/larvae humus or roots,above,,in soil,Liparetrus,ovipennis,,1 no herbivore above,3,2,2,above no herbivore 1,10,,,cont>ag
agorboth,good,Neocarenum,elongatum,(Macleay),Neocarenum elongatum,,AFD,arthropod,Coleoptera,Carabidae,Scaritini,3,yes,carnivore,,under,fossorial/nocturnal/sandy soil,,Neocarenum,elongatum,,3 yes carnivore under,15.1,13,9,under yes carnivore 3,15,0.811923077,1,cont>ag
agorboth,,Nyctozoilus,sp.,,,Nyctozoilus sp.,,arthropod,Coleoptera,Tenebrionidae,Cyphaleini,2,yes,scavenger,dead plant material,concealed places/nocturnal,concealed places/nocturnal,subterranean ?,Nyctozoilus,sp.,,2 yes scavenger on,11,9,7,on yes scavenger 2,6,,,cont>ag
agorboth,,Nyctozoilus,stepheni,(Carter),Nyctozoilus stepheni,,AFD,arthropod,Coleoptera,Tenebrionidae,Cyphaleini,2,yes,scavenger,dead plant material,concealed places/nocturnal,concealed places/nocturnal,subterranean ?,Nyctozoilus,stepheni,,2 yes scavenger on,11,9,7,on yes scavenger 2,6,,,cont>ag
n,,Parroa,howitti,Castelnau,Adotela howittii,Parroa howitti,AFD,arthropod,Coleoptera,Carabidae,Broscini,3,yes,carnivore,,on,ground,,Parroa,howitti,,3 yes carnivore on,15,13,6,on yes carnivore 3,17,,,cont>ag
agorboth,paddock,Rhytisternus,cyathoderus,(Chaudoir),Rhytisternus cyathoderus,,AFD,arthropod,Coleoptera,Carabidae,Pterostichini,2,no,carnivore,,wetriparian,hygrophilus,,Rhytisternus,cyathoderus,,2 no carnivore wetriparian,7.2,5,11,wetriparian no carnivore 2,16,1.522733333,4,ag>cont
agorboth,,Scaraphites,lenaeus,(Westwood),Scaraphites lenaeus,,AFD,arthropod,Coleoptera,Carabidae,Scaritini,4,yes,carnivore,,under,fossorial/nocturnal/sandy soil,,Scaraphites,lenaeus,,3 yes carnivore under,15.1,13,9,under yes carnivore 3,15,,,cont>ag
agorboth,,Adelium,augurale,Pascoe,Adelium augurale,,AFD,arthropod,Coleoptera,Tenebrionidae,Adeliini,2,yes,scavenger,dead plant material,concealed places/nocturnal,concealed places/nocturnal,,Adelium,augurale,,2 yes scavenger on,11,9,7,on yes scavenger 2,6,,,
agorboth,,Adelium,brevicorne,Blessig,Adelium brevicorne,,AFD,arthropod,Coleoptera,Tenebrionidae,Adeliini,1,yes,scavenger,dead plant material,concealed places/nocturnal,concealed places/nocturnal,,Adelium,brevicorne,,1 yes scavenger on,6,4,7,on yes scavenger 1,6,0.152552632,3,
agorboth,,Adelium,goudei,Carter,Adelium goudiei,Adelium goudei,AFD,arthropod,Coleoptera,Tenebrionidae,Adeliini,2,yes,scavenger,dead plant material,concealed places/nocturnal,concealed places/nocturnal,,Adelium,goudei,,2 yes scavenger on,11,9,7,on yes scavenger 2,6,,,
agorboth,,Adelotopus,dytiscides,Newman,Adelotopus dytiscides,,AFD,arthropod,Coleoptera,Carabidae,Pseudomorphinae,1,no,carnivore,larvae prey on ants,above,arboreal/live under bark,live with ants,Adelotopus,dytiscides,,1 no carnivore above,1,1,1,above no carnivore 1,1,,,
agorboth,,Adelotopus,sinuaticollis,Baehr,Adelotopus sinuaticollis,,AFD,arthropod,Coleoptera,Carabidae,Pseudomorphinae,1,no,carnivore,larvae prey on ants,above,arboreal/live under bark,live with ants,Adelotopus,sinuaticollis,,1 no carnivore above,1,1,1,above no carnivore 1,1,,,
agorboth,,Adelotopus,sp.,,,Adelotopus sp.,,arthropod,Coleoptera,Carabidae,Pseudomorphinae,1,no,carnivore,larvae prey on ants,above,arboreal/live under bark,live with ants,Adelotopus,sp.,,1 no carnivore above,1,1,1,above no carnivore 1,1,,,
agorboth,,Adotela,sp.,,,Adotela sp.,,arthropod,Coleoptera,Carabidae,Broscini,2,yes,carnivore,,on,ground,,Adotela,sp.,,2 yes carnivore on,10,8,6,on yes carnivore 2,13,,,
agorboth,,Agrypnus,sp. 1,,,Agrypnus sp. 1,,arthropod,Coleoptera,Elateridae,Agrypninae,1,no,omnivore,larvae plant roots etc ,concealed places/nocturnal,concealed places/nocturnal,in soil,Agrypnus,sp. 1,,1 no omnivore on,4,3,5,on no omnivore 1,11,,,
agorboth,,Agrypnus,sp. 2,,,Agrypnus sp. 2,,arthropod,Coleoptera,Elateridae,Agrypninae,2,no,omnivore,larvae plant roots etc,concealed places/nocturnal,concealed places/nocturnal,in soil,Agrypnus,sp. 2,,2 no omnivore on,9,7,5,on no omnivore 2,4,,,
agorboth,,Agrypnus,sp. 4,,,Agrypnus sp. 4,,arthropod,Coleoptera,Elateridae,Agrypninae,1,no,omnivore,larvaeplant roots etc,concealed places/nocturnal,concealed places/nocturnal,in soil,Agrypnus,sp. 4,,1 no omnivore on,4,3,5,on no omnivore 1,11,,,
agorboth,,Agrypnus,sp. 5,,,Agrypnus sp. 5,,arthropod,Coleoptera,Elateridae,Agrypninae,1,no,omnivore,larvae plant roots etc,concealed places/nocturnal,concealed places/nocturnal,in soil,Agrypnus,sp. 5,,1 no omnivore on,4,3,5,on no omnivore 1,11,,,
agorboth,paddock,Agrypnus,variabilis,(Candeze),Agrypnus variabilis,,AFD,arthropod,Coleoptera,Elateridae,Agrypninae,2,no,omnivore,larvae plant roots etc,concealed places/nocturnal,concealed places/nocturnal,in soil,Agrypnus,variabilis,,2 no omnivore on,9,7,5,on no omnivore 2,4,4.671566667,4,
agorboth,,Amblystomus,sp.,,,Amblystomus sp.,,arthropod,Coleoptera,Carabidae,Harpalini,1,no,carnivore,,on,ground,,Amblystomus,sp.,,1 no carnivore on,2,1,4,on no carnivore 1,9,,,
agorboth,,Anaxo,sp.,,,Anaxo sp.,,arthropod,Coleoptera,Tenebrionidae,Alleculinae,1,no,scavenger,,above,,,Anaxo,sp.,,1 no scavenger ,4.1,3,5, no scavenger 1,8,,,
agorboth,,Anomalomorpha,anthracinus,Arrow,Anomalomorpha anthracina,Anomalomorpha anthracinus,AFD,arthropod,Coleoptera,Scarabaeidae,Dynastinae,2,no,herbivore,larvae humus/plant root feeder,under,subterranean/burrowing/nocturnal,subterranean/burrowing,Anomalomorpha,anthracinus,,2 no herbivore under,8.1,6,8,under no herbivore 2,7,,,
agorboth,,Anomotarus (Anomotarus),crudalis,(Newman),Anomotarus (Anomotarus) crudelis,Anomotarus (Anomotarus) crudalis,AFD,arthropod,Coleoptera,Carabidae,Lebiini,1,no,carnivore,,on,ground,,Anomotarus (Anomotarus),crudalis,,1 no carnivore on,2,1,4,on no carnivore 1,9,,,
n,,Anoplognathus,montanus,Macleay,Anoplognathus montanus,,AFD,arthropod,Coleoptera,Scarabaeidae,Rutelinae,3,no,herbivore,adult foliage Eucalypts/ larvae humus or grass roots,above,arboreal/foliage Eucalypts,in soil,Anoplognathus,montanus,,3 no herbivore above,13,11,2,above no herbivore 3,99,,,
agorboth,,Aphodius,fimetarius,(Linnaeus),Aphodius fimetarius,,AFD,arthropod,Coleoptera,Scarabaeidae,Aphodiinae,1,no,coprophage,dung,on,in dung,in soil,Aphodius,fimetarius,introduced,1 no scavenger on,4.1,3,5,on no scavenger 1,5,,,
agorboth,,Arthropterus,sp. 1,,,Arthropterus sp. 1,,arthropod,Coleoptera,Carabidae,Paussinae,2,no(m)_yes(f),carnivore,larvae prey on ants,on,under bark/logs,live with ants ?,Arthropterus,sp. 1,,2 yes carnivore on,10,8,6,on yes carnivore 2,13,,,
agorboth,good,Arthropterus,sp. 2,,,Arthropterus sp. 2,,arthropod,Coleoptera,Carabidae,Paussinae,2,no(m)_yes(f),carnivore,larvae prey on ants,on,under bark/logs,live with ants ?,Arthropterus,sp. 2,,2 yes carnivore on,10,8,6,on yes carnivore 2,13,4.034,1,
n,,Arthropterus,sp. 3,,,Arthropterus sp. 3,,arthropod,Coleoptera,Carabidae,Paussinae,1,no(m)_yes(f),carnivore,larvae prey on ants,on,under bark/logs,live with ants ?,Arthropterus,sp. 3,,1 yes carnivore on,5,4,6,on yes carnivore 1,99,,,
n,,Arthropterus,sp. 4,,,Arthropterus sp. 4,,arthropod,Coleoptera,Carabidae,Paussinae,1,no(m)_yes(f),carnivore,larvae prey on ants,on,under bark/logs,live with ants ?,Arthropterus,sp. 4,,1 yes carnivore on,5,4,6,on yes carnivore 1,99,,,
agorboth,,Arthropterus,sp. 6,,,Arthropterus sp. 6,,arthropod,Coleoptera,Carabidae,Paussinae,2,no(m)_yes(f),carnivore,larvae prey on ants,on,under bark/logs,live with ants ?,Arthropterus,sp. 6,,2 yes carnivore on,10,8,6,on yes carnivore 2,13,,,
agorboth,,Arthropterus,sp. 7,,,Arthropterus sp. 7,,arthropod,Coleoptera,Carabidae,Paussinae,2,no(m)_yes(f),carnivore,larvae prey on ants,on,under bark/logs,live with ants ?,Arthropterus,sp. 7,,2 yes carnivore on,10,8,6,on yes carnivore 2,13,,,
agorboth,,Arthropterus,sp. 9,,,Arthropterus sp. 9,,arthropod,Coleoptera,Carabidae,Paussinae,1,no(m)_yes(f),carnivore,larvae prey on ants,on,under bark/logs,live with ants ?,Arthropterus,sp. 9,,1 yes carnivore on,5,4,6,on yes carnivore 1,99,,,
agorboth,,Australobolbus,lobatus,Howden,Australobolbus lobatus,,AFD,arthropod,Coleoptera,Geotrupidae,Bolboceratinae,2,no,humus/fungus feeder,humus/fungus,under,subterranean and burrowing,subterranean and burrowing,Australobolbus,lobatus,,2 no scavenger under,9.4,7,8,under no scavenger 2,7,,,
agorboth,,Barycistela,robusta,Blackburn,Barycistela robusta,,AFD,arthropod,Coleoptera,Tenebrionidae,Alleculinae,1,no,scavenger,dead plant material,above,,,Barycistela,robusta,,1 no scavenger ,4.1,3,5, no scavenger 1,8,,,
agorboth,,Blackburnium,neocavicolle,Howden,Blackburnium neocavicolle,,AFD,arthropod,Coleoptera,Geotrupidae,Bolboceratinae,2,no,humus/fungus feeder,humus/fungus,under,in burrows in soil,in burrows in soil,Blackburnium,neocavicolle,,2 no scavenger under,9.4,7,8,under no scavenger 2,7,,,
n,,Brycopia,sp.,,,Brycopia sp.,,arthropod,Coleoptera,Tenebrionidae,Adeliini,1,yes,scavenger,dead plant material,concealed places/nocturnal,concealed places/nocturnal,,Brycopia,sp.,,1 yes scavenger on,6,4,7,on yes scavenger 1,6,,,
agorboth,,Cainogenion,obscurum,(Castelnau),Cainogenion (Cainogenion) obscurum,Cainogenion obscurum,AFD,arthropod,Coleoptera,Carabidae,Pseudomorphinae,1,no,carnivore,larvae prey on ants,above,arboreal/under bark,live with ants,Cainogenion,obscurum,,1 no carnivore above,1,1,1,above no carnivore 1,1,,,
agorboth,paddock,Calosoma,schayeri,Erichson,Calosoma (Australodrepa) schayeri,Calosoma schayeri,AFD,arthropod,Coleoptera,Carabidae,Carabini,3,no,carnivore,caterpillar feeder,on,nomadic/nocturnal/ground,in soil,Calosoma,schayeri,,3 no carnivore on,12.1,10,4,on no carnivore 3,2,3.208276923,4,
agorboth,,Cardiothorax,sp.,,,Cardiothorax sp.,,arthropod,Coleoptera,Tenebrionidae,Adeliini,2,yes,scavenger,dead plant material,,,,Cardiothorax,sp.,,2 yes scavenger ,11,9,, yes scavenger 2,3,,,
agorboth,good,Carenum,cordipenne,Sloane,Carenum cordipenne,,AFD,arthropod,Coleoptera,Carabidae,Scaritini,3,yes,carnivore,,under,fossorial/nocturnal,,Carenum,cordipenne,,3 yes carnivore under,15.1,13,9,under yes carnivore 3,15,0.915197674,1,
agorboth,,Carenum,distinctum,Macleay,Carenum distinctum,,AFD,arthropod,Coleoptera,Carabidae,Scaritini,2,yes,carnivore,,under,fossorial/nocturnal,,Carenum,distinctum,,2 yes carnivore under,10.1,8,9,under yes carnivore 2,14,,,
agorboth,,Carenum,elegans,Macleay,Carenum elegans,,AFD,arthropod,Coleoptera,Carabidae,Scaritini,3,yes,carnivore,,under,fossorial/nocturnal,,Carenum,elegans,,3 yes carnivore under,15.1,13,9,under yes carnivore 3,15,0.792418182,5,
n,,Carenum,interiore,Sloane,Carenum interiore,,AFD,arthropod,Coleoptera,Carabidae,Scaritini,3,yes,carnivore,,under,fossorial/nocturnal,,Carenum,interiore,,3 yes carnivore under,15.1,13,9,under yes carnivore 3,15,,,
agorboth,,Carenum,interruptum,Macleay,Carenum interruptum,,AFD,arthropod,Coleoptera,Carabidae,Scaritini,3,yes,carnivore,,under,fossorial/nocturnal,,Carenum,interruptum,,3 yes carnivore under,15.1,13,9,under yes carnivore 3,15,1.295557895,1,
agorboth,,Carenum,sp. 1,,,Carenum sp. 1,,arthropod,Coleoptera,Carabidae,Scaritini,3,yes,carnivore,,under,fossorial/nocturnal,,Carenum,sp. 1,,3 yes carnivore under,15.1,13,9,under yes carnivore 3,15,,,
n,,Carenum,sp. 2,,,Carenum sp. 2,,arthropod,Coleoptera,Carabidae,Scaritini,2,yes,carnivore,,under,fossorial/nocturnal,,Carenum,sp. 2,,2 yes carnivore under,10.1,8,9,under yes carnivore 2,14,,,
agorboth,,Carenum,tinctillatum,Newman,Carenum tinctilatum,Carenum tinctillatum,AFD,arthropod,Coleoptera,Carabidae,Scaritini,2,yes,carnivore,,under,fossorial/nocturnal,,Carenum,tinctillatum,,2 yes carnivore under,10.1,8,9,under yes carnivore 2,14,1.480615385,5,
agorboth,,Catadromus,lacordairei,Boisduval,Catadromus lacordairei,,AFD,arthropod,Coleoptera,Carabidae,Pterostichini,4,no,carnivore,small frogs?,wetriparian,riparian,,Catadromus,lacordairei,,3 no carnivore wetriparian,12.2,10,11,wetriparian no carnivore 3,16,,,
agorboth,,Cenogmus,sp. 2,,,Cenogmus sp. 2,,arthropod,Coleoptera,Carabidae,Harpalini,1,no,omnivore(granivore),,on,ground,,Cenogmus,sp. 2,,1 no omnivore on,4,3,5,on no omnivore 1,11,,,
agorboth,paddock,Chlaenius,australis,Dejean,Chlaenius australis,,AFD,arthropod,Coleoptera,Carabidae,Callistini,2,no,carnivore,,concealed places/nocturnal,nocturnal,,Chlaenius,australis,,2 no carnivore on,7,5,4,on no carnivore 2,1,3.138654545,4,
agorboth,,Chlaenius,darlingensis,Castelnau,Chlaenius darlingensis,,AFD,arthropod,Coleoptera,Carabidae,Callistini,2,no,carnivore,,wetriparian,riparian/nocturnal,riparian,Chlaenius,darlingensis,,2 no carnivore wetriparian,7.2,5,11,wetriparian no carnivore 2,16,,,
n,,Chrostus,quadrifoveolatus,Candeze,Chrostus quadrifoveolatus,,AFD,arthropod,Coleoptera,Elateridae,Agrypninae,3,no,omnivore,,concealed places/nocturnal,concealed places/nocturnal,,Chrostus,quadrifoveolatus,,3 no omnivore on,14,12,5,on no omnivore 3,4,,,
agorboth,,Clivina,sp. ,,,Clivina sp. ,,arthropod,Coleoptera,Carabidae,Scaritini,2,no,carnivore,,under,fossorial/riparian/mud,,Clivina,sp. ,,2 no carnivore under,7.1,5,8,under no carnivore 2,7,,,
agorboth,,Colpochila,laminata,Blackburn,Colpochila laminata,,AFD,arthropod,Coleoptera,Scarabaeidae,Melolonthinae,3,no,herbivore,adults foliage Eucalypts/larvae humus or roots,above,,in soil,Colpochila,laminata,,3 no herbivore above,13,11,2,above no herbivore 3,99,,,
agorboth,,Colpochila,mixta,Lea,Colpochila mixta,,AFD,arthropod,Coleoptera,Scarabaeidae,Melolonthinae,2,no,herbivore,adults foliage Eucalypts/larvae humus or roots,above,,in soil,Colpochila,mixta,,2 no herbivore above,8,6,2,above no herbivore 2,12,,,
agorboth,,Colpochila,pulchella,Blackburn,Colpochila pulchella,,AFD,arthropod,Coleoptera,Scarabaeidae,Melolonthinae,2,no,herbivore,adults foliage Eucalypts/larvae humus or roots,above,,in soil,Colpochila,pulchella,,2 no herbivore above,8,6,2,above no herbivore 2,12,,,
n,,Colpochila,solida,Blackburn,Colpochila solida,,AFD,arthropod,Coleoptera,Scarabaeidae,Melolonthinae,2,no,herbivore,adults foliage Eucalypts/larvae humus or roots,above,,in soil,Colpochila,solida,,2 no herbivore above,8,6,2,above no herbivore 2,12,,,
agorboth,,Colpochila,sp. 1,,,Colpochila sp. 1,,arthropod,Coleoptera,Scarabaeidae,Melolonthinae,3,no,herbivore,adults foliage Eucalypts/larvae humus or roots,above,,in soil,Colpochila,sp. 1,,3 no herbivore above,13,11,2,above no herbivore 3,99,,,
agorboth,,Colpochila,sp. 3,,,Colpochila sp. 3,,arthropod,Coleoptera,Scarabaeidae,Melolonthinae,2,no,herbivore,adults foliage Eucalypts/larvae humus or roots,above,,in soil,Colpochila,sp. 3,,2 no herbivore above,8,6,2,above no herbivore 2,12,,,
agorboth,,Conoderus,sp. 1,,,Conoderus sp. 1,,arthropod,Coleoptera,Elateridae,Agrypninae,2,no,omnivore ,plant material/insect larvae,concealed places/nocturnal,concealed places/nocturnal,in soil,Conoderus,sp. 1,,2 no omnivore  on,9,7,5,on no omnivore  2,4,,,
n,,Conoderus,sp. 2,,,Conoderus sp. 2,,arthropod,Coleoptera,Elateridae,Agrypninae,1,no,omnivore ,plant material/insect larvae,concealed places/nocturnal,concealed places/nocturnal,in soil,Conoderus,sp. 2,,1 no omnivore  on,4,3,5,on no omnivore  1,11,,,
agorboth,,Conoderus,sp. 3,,,Conoderus sp. 3,,arthropod,Coleoptera,Elateridae,Agrypninae,2,no,omnivore ,plant material/insect larvae,concealed places/nocturnal,concealed places/nocturnal,in soil,Conoderus,sp. 3,,2 no omnivore  on,9,7,5,on no omnivore  2,4,,,
agorboth,,Conoderus,sp. 4,,,Conoderus sp. 4,,arthropod,Coleoptera,Elateridae,Agrypninae,2,no,omnivore ,plant material/insect larvae,concealed places/nocturnal,concealed places/nocturnal,in soil,Conoderus,sp. 4,,2 no omnivore  on,9,7,5,on no omnivore  2,4,,,
agorboth,,Conopterum,riverinae,(Macleay),Conopterum riverinae,,AFD,arthropod,Coleoptera,Carabidae,Scaritini,3,yes,carnivore,,under,fossorial/nocturnal/open scrub/sandy soil,,Conopterum,riverinae,,3 yes carnivore under,15.1,13,9,under yes carnivore 3,15,0.942439024,5,
agorboth,,Conopterum,superbum,(Castelnau),Conopterum superbum,,AFD,arthropod,Coleoptera,Carabidae,Scaritini,4,yes,carnivore,,under,fossorial/nocturnal/open scrub/sandy soil,,Conopterum,superbum,,3 yes carnivore under,15.1,13,9,under yes carnivore 3,15,,,
agorboth,,Craspedophorus,alternans,(Castelnau),Craspedophorus alternans,,AFD,arthropod,Coleoptera,Carabidae,Panagaeini,2,yes,carnivore,,on,ground,,Craspedophorus,alternans,,2 yes carnivore on,10,8,6,on yes carnivore 2,13,,,
agorboth,,Craspedophorus,australasiae,(Chaudoir),Craspedophorus australasiae,,AFD,arthropod,Coleoptera,Carabidae,Panagaeini,2,yes,carnivore,,on,ground,,Craspedophorus,australasiae,,2 yes carnivore on,10,8,6,on yes carnivore 2,13,,,
agorboth,,Cryptodus,caviceps,Westwood,Cryptodus caviceps,,AFD,arthropod,Coleoptera,Scarabaeidae,Dynastinae,2,no,adult carnivore/larva herbivore,larvae humus or roots,under,subterranean and borrowing/nocturnal,subterranean and borrowing,Cryptodus,caviceps,,2 no carnivore under,7.1,5,8,under no carnivore 2,7,,,
agorboth,,Cryptodus,piceus,Germar,Cryptodus piceus,,AFD,arthropod,Coleoptera,Scarabaeidae,Dynastinae,2,no,adult carnivore/larva herbivore,larvae humus or roots,under,subterranean and borrowing/nocturnal,subterranean and borrowing,Cryptodus,piceus,,2 no carnivore under,7.1,5,8,under no carnivore 2,7,,,
agorboth,,Darodilia,mandibularis,Castelnau,Darodilia mandibularis,,AFD,arthropod,Coleoptera,Carabidae,Pterostichini,2,no,carnivore,,on,ground,,Darodilia,mandibularis,,2 no carnivore on,7,5,4,on no carnivore 2,1,,,
n,,Diaphonia,sp.,,,Diaphonia sp.,,arthropod,Coleoptera,Scarabaeidae,Cetoniinae,3,no,herbivore,adults flowers/larvae rotten wood,,,in rotten wood,Diaphonia,sp.,,3 no herbivore ,13,11,, no herbivore 3,99,,,
agorboth,,Dicrochile,goryi,(Boisduval),Dicrochile goryi,,AFD,arthropod,Coleoptera,Carabidae,Licinini,2,no,carnivore,,on,ground,,Dicrochile,goryi,,2 no carnivore on,7,5,4,on no carnivore 2,1,,,
agorboth,,Dysarchus,sp.,,,Dysarchus sp.,,arthropod,Coleoptera,Tenebrionidae,Heleini,2,yes,scavenger,dead plant material,under,fossorial/burrowing/nocturnal,subterranean,Dysarchus,sp.,,2 yes scavenger under,11.1,9,10,under yes scavenger 2,3,,,
agorboth,,Elaphastomus,meraldus,Carne,Elephastomus meraldus,Elaphastomus meraldus,AFD,arthropod,Coleoptera,Geotrupidae,Bolboceratinae,2,no,humus/fungus feeder,humus/fungus,under,subterranean and burrowing,subterranean and burrowing,Elaphastomus,meraldus,,2 no scavenger under,9.4,7,8,under no scavenger 2,7,,,
agorboth,,Euryscaphus,obesus,(Macleay),Euryscaphus obesus,,AFD,arthropod,Coleoptera,Carabidae,Scaritini,4,yes,carnivore,,under,fossorial/nocturnal/sandy soil,,Euryscaphus,obesus,,3 yes carnivore under,15.1,13,9,under yes carnivore 3,15,,,
agorboth,,Geoscaptus,laevissimus,Chaudoir,Geoscaptus laevissimus,,AFD,arthropod,Coleoptera,Carabidae,Scaritini,3,no,carnivore,,wetriparian,hygrophilus,,Geoscaptus,laevissimus,,3 no carnivore wetriparian,12.2,10,11,wetriparian no carnivore 3,16,,,
agorboth,,Gigaderma,longipenne,(Germar),Gigadema longipenne,Gigaderma longipenne,AFD,arthropod,Coleoptera,Carabidae,Helluonini,3,no,carnivore,,above,arboreal/under bark,,Gigaderma,longipenne,,3 no carnivore above,12,10,1,above no carnivore 3,2,,,
agorboth,strip,Gigaderma,nocte,(Newman),Gigadema nocte,Gigaderma nocte,AFD,arthropod,Coleoptera,Carabidae,Helluonini,4,no,carnivore,,above,arboreal/under bark,,Gigaderma,nocte,,3 no carnivore above,12,10,1,above no carnivore 3,2,1.716733333,2,
agorboth,paddock,Gigaderma,sulcatum,(Macleay),Gigadema sulcatum,Gigaderma sulcatum,AFD,arthropod,Coleoptera,Carabidae,Helluonini,3,no,carnivore,,above,arboreal/under bark,,Gigaderma,sulcatum,,3 no carnivore above,12,10,1,above no carnivore 3,2,3.887,4,
agorboth,,Gnaphalopoda,carnei,Britton,Gnaphalopoda carnei,,AFD,arthropod,Coleoptera,Scarabaeidae,Melolonthinae,1,no,,larvae humus or root feeder,on,ground,in soil,Gnaphalopoda,carnei,,1 no  on,0.5,,,on no  1,99,,,
n,,Gnathoxys,sp.,,,Gnathoxys sp.,,arthropod,Coleoptera,Carabidae,Broscini,2,yes,carnivore,,under,fossorial,,Gnathoxys,sp.,,2 yes carnivore under,10.1,8,9,under yes carnivore 2,14,,,
agorboth,,Harmogaster,geminata,Schmidt,Harmogaster geminata,,AFD,arthropod,Coleoptera,Scarabaeidae,Aphodiinae,1,no,coprophage,,on,,in soil,Harmogaster,geminata,,1 no scavenger ,4.1,3,5, no scavenger 1,8,,,
n,,Helea,castor,(Pascoe),Helea castor,,AFD,arthropod,Coleoptera,Tenebrionidae,Heleini,3,yes,scavenger,dead plant material,concealed places/nocturnal,concealed places/nocturnal,in soil,Helea,castor,,3 yes scavenger on,16,14,7,on yes scavenger 3,6,,,
n,,Helea,squamosa,(Pascoe),Helea squamosa,,AFD,arthropod,Coleoptera,Tenebrionidae,Heleini,3,yes,scavenger,dead plant material,concealed places/nocturnal,concealed places/nocturnal,in soil,Helea,squamosa,,3 yes scavenger on,16,14,7,on yes scavenger 3,6,,,
agorboth,good,Heteronyx,granum?,Burmeister,Heteronyx granum,Heteronyx granum?,AFD,arthropod,Coleoptera,Scarabaeidae,Melolonthinae,1,no,herbivore,adults foliage Eucalypts/larvae humus or roots,above,,in soil,Heteronyx,granum?,,1 no herbivore above,3,2,2,above no herbivore 1,10,4.693142857,1,
agorboth,,Heteronyx,insignis,Blackburn,Heteronyx insignis,,AFD,arthropod,Coleoptera,Scarabaeidae,Melolonthinae,2,no,herbivore,adults foliage Eucalypts/larvae humus or roots,above,,in soil,Heteronyx,insignis,,2 no herbivore above,8,6,2,above no herbivore 2,12,,,
agorboth,,Heteronyx,praecox,(Erichson),Heteronyx praecox,,AFD,arthropod,Coleoptera,Scarabaeidae,Melolonthinae,1,no,herbivore,adults foliage Eucalypts/larvae humus or roots,above,,in soil,Heteronyx,praecox,,1 no herbivore above,3,2,2,above no herbivore 1,10,,,
agorboth,,Heteronyx,puncticollis,Blackburn,Heteronyx puncticollis,,AFD,arthropod,Coleoptera,Scarabaeidae,Melolonthinae,1,no,herbivore,adults foliage Eucalypts/larvae humus or roots,above,,in soil,Heteronyx,puncticollis,,1 no herbivore above,3,2,2,above no herbivore 1,10,,,
agorboth,road,Heteronyx,rugosipennis,Macleay,Heteronyx rugosipennis,,AFD,arthropod,Coleoptera,Scarabaeidae,Melolonthinae,2,no,herbivore,adults foliage Eucalypts/larvae humus or roots,above,,in soil,Heteronyx,rugosipennis,,2 no herbivore above,8,6,2,above no herbivore 2,12,1.323793103,3,
agorboth,,Heteronyx,setifer,Blackburn,Heteronyx setifer,,AFD,arthropod,Coleoptera,Scarabaeidae,Melolonthinae,2,no,herbivore,adults foliage Eucalypts/larvae humus or roots,above,,in soil,Heteronyx,setifer,,2 no herbivore above,8,6,2,above no herbivore 2,12,,,
agorboth,,Heteronyx,sexualis?,Blackburn,Heteronyx sexualis,Heteronyx sexualis?,AFD,arthropod,Coleoptera,Scarabaeidae,Melolonthinae,2,no,herbivore,adults foliage Eucalypts/larvae humus or roots,above,,in soil,Heteronyx,sexualis?,,2 no herbivore above,8,6,2,above no herbivore 2,12,,,
agorboth,,Heteronyx,sp. 1,,,Heteronyx sp. 1,,arthropod,Coleoptera,Scarabaeidae,Melolonthinae,1,no,herbivore,adults foliage Eucalypts/larvae humus or roots,above,,in soil,Heteronyx,sp. 1,,1 no herbivore above,3,2,2,above no herbivore 1,10,,,
n,,Heteronyx,sp. 10,,,Heteronyx sp. 10,,arthropod,Coleoptera,Scarabaeidae,Melolonthinae,1,no,herbivore,adults foliage Eucalypts/larvae humus or roots,above,,in soil,Heteronyx,sp. 10,,1 no herbivore above,3,2,2,above no herbivore 1,10,,,
agorboth,,Heteronyx,sp. 2,,,Heteronyx sp. 2,,arthropod,Coleoptera,Scarabaeidae,Melolonthinae,1,no,herbivore,adults foliage Eucalypts/larvae humus or roots,above,,in soil,Heteronyx,sp. 2,,1 no herbivore above,3,2,2,above no herbivore 1,10,,,
agorboth,,Heteronyx,sp. 3,,,Heteronyx sp. 3,,arthropod,Coleoptera,Scarabaeidae,Melolonthinae,1,no,herbivore,adults foliage Eucalypts/larvae humus or roots,above,,in soil,Heteronyx,sp. 3,,1 no herbivore above,3,2,2,above no herbivore 1,10,,,
agorboth,,Heteronyx,sp. 4,,,Heteronyx sp. 4,,arthropod,Coleoptera,Scarabaeidae,Melolonthinae,1,no,herbivore,adults foliage Eucalypts/larvae humus or roots,above,,in soil,Heteronyx,sp. 4,,1 no herbivore above,3,2,2,above no herbivore 1,10,,,
agorboth,,Heteronyx,sp. 6,,,Heteronyx sp. 6,,arthropod,Coleoptera,Scarabaeidae,Melolonthinae,1,no,herbivore,adults foliage Eucalypts/larvae humus or roots,above,,in soil,Heteronyx,sp. 6,,1 no herbivore above,3,2,2,above no herbivore 1,10,,,
agorboth,,Heteronyx,sp. 7,,,Heteronyx sp. 7,,arthropod,Coleoptera,Scarabaeidae,Melolonthinae,1,no,herbivore,adults foliage Eucalypts/larvae humus or roots,above,,in soil,Heteronyx,sp. 7,,1 no herbivore above,3,2,2,above no herbivore 1,10,,,
agorboth,,Heteronyx,sp. 8,,,Heteronyx sp. 8,,arthropod,Coleoptera,Scarabaeidae,Melolonthinae,1,no,herbivore,adults foliage Eucalypts/larvae humus or roots,above,,in soil,Heteronyx,sp. 8,,1 no herbivore above,3,2,2,above no herbivore 1,10,,,
agorboth,,Heteronyx,sp. 9,,,Heteronyx sp. 9,,arthropod,Coleoptera,Scarabaeidae,Melolonthinae,1,no,herbivore,adults foliage Eucalypts/larvae humus or roots,above,,in soil,Heteronyx,sp. 9,,1 no herbivore above,3,2,2,above no herbivore 1,10,,,
n,,Heteronyx,sp. near augustae,Blackburn,,Heteronyx sp. near augustae,,arthropod,Coleoptera,Scarabaeidae,Melolonthinae,2,no,herbivore,adults foliage Eucalypts/larvae humus or roots,above,,in soil,Heteronyx,sp. near augustae,,2 no herbivore above,8,6,2,above no herbivore 2,12,,,
agorboth,,Heteronyx,sp. near borealis,Blackburn,,Heteronyx sp. near borealis,,arthropod,Coleoptera,Scarabaeidae,Melolonthinae,1,no,herbivore,adults foliage Eucalypts/larvae humus or roots,above,,in soil,Heteronyx,sp. near borealis,,1 no herbivore above,3,2,2,above no herbivore 1,10,,,
agorboth,,Heteronyx,sp. near capillatus,Macleay,,Heteronyx sp. near capillatus,,arthropod,Coleoptera,Scarabaeidae,Melolonthinae,1,no,herbivore,adults foliage Eucalypts/larvae humus or roots,above,,in soil,Heteronyx,sp. near capillatus,,1 no herbivore above,3,2,2,above no herbivore 1,10,,,
agorboth,,Heteronyx,sp. near constans,Blackburn,,Heteronyx sp. near constans,,arthropod,Coleoptera,Scarabaeidae,Melolonthinae,2,no,herbivore,adults foliage Eucalypts/larvae humus or roots,above,,in soil,Heteronyx,sp. near constans,,2 no herbivore above,8,6,2,above no herbivore 2,12,1.065512821,2,
agorboth,good,Heteronyx,sp. near cunnamullae,Blackburn,,Heteronyx sp. near cunnamullae,,arthropod,Coleoptera,Scarabaeidae,Melolonthinae,1,no,herbivore,adults foliage Eucalypts/larvae humus or roots,above,,in soil,Heteronyx,sp. near cunnamullae,,1 no herbivore above,3,2,2,above no herbivore 1,10,,,
agorboth,,Heteronyx,sp. near disjectus,Blackburn,,Heteronyx sp. near disjectus,,arthropod,Coleoptera,Scarabaeidae,Melolonthinae,1,no,herbivore,adults foliage Eucalypts/larvae humus or roots,above,,in soil,Heteronyx,sp. near disjectus,,1 no herbivore above,3,2,2,above no herbivore 1,10,,,
agorboth,,Heteronyx,sp. near neglectus,Blackburn,,Heteronyx sp. near neglectus,,arthropod,Coleoptera,Scarabaeidae,Melolonthinae,1,no,herbivore,adults foliage Eucalypts/larvae humus or roots,above,,in soil,Heteronyx,sp. near neglectus,,1 no herbivore above,3,2,2,above no herbivore 1,10,,,
agorboth,good,Heteronyx,sp. near spadicea,Burmeister,,Heteronyx sp. near spadicea,,arthropod,Coleoptera,Scarabaeidae,Melolonthinae,1,no,herbivore,adults foliage Eucalypts/larvae humus or roots,above,,in soil,Heteronyx,sp. near spadicea,,1 no herbivore above,3,2,2,above no herbivore 1,10,6.748571429,1,
agorboth,,Heteronyx,sp. near viduus,Blackburn,,Heteronyx sp. near viduus,,arthropod,Coleoptera,Scarabaeidae,Melolonthinae,1,no,herbivore,adults foliage Eucalypts/larvae humus or roots,above,,in soil,Heteronyx,sp. near viduus,,1 no herbivore above,3,2,2,above no herbivore 1,10,,,
agorboth,,Heteronyx,spretus,Blackburn,Heteronyx spretus,,AFD,arthropod,Coleoptera,Scarabaeidae,Melolonthinae,1,no,herbivore,adults foliage Eucalypts/larvae humus or roots,above,,in soil,Heteronyx,spretus,,1 no herbivore above,3,2,2,above no herbivore 1,10,,,
agorboth,,Heteronyx,tepperi,Blackburn,Heteronyx tepperi,,AFD,arthropod,Coleoptera,Scarabaeidae,Melolonthinae,1,no,herbivore,adults foliage Eucalypts/larvae humus or roots,above,,in soil,Heteronyx,tepperi,,1 no herbivore above,3,2,2,above no herbivore 1,10,,,
agorboth,,Heteronyx,torvus,Blackburn,Heteronyx torvus,,AFD,arthropod,Coleoptera,Scarabaeidae,Melolonthinae,2,no,herbivore,adults foliage Eucalypts/larvae humus or roots,above,,in soil,Heteronyx,torvus,,2 no herbivore above,8,6,2,above no herbivore 2,12,,,
agorboth,,Heteronyx,tristis,Blackburn,Heteronyx tristis,,AFD,arthropod,Coleoptera,Scarabaeidae,Melolonthinae,2,no,herbivore,adults foliage Eucalypts/larvae humus or roots,above,,in soil,Heteronyx,tristis,,2 no herbivore above,8,6,2,above no herbivore 2,12,,,
agorboth,,Homethes,guttifer,Germar,Homethes guttifer,,AFD,arthropod,Coleoptera,Carabidae,Odacanthini,1,no,carnivore,,on,ground,,Homethes,guttifer,,1 no carnivore on,2,1,4,on no carnivore 1,9,,,
agorboth,,Homotrysis,regularis,Macleay,Homotrysis regularis,,AFD,arthropod,Coleoptera,Tenebrionidae,Alleculinae,2,no,scavenger,dead plant material,above,,,Homotrysis,regularis,,2 no scavenger ,9.1,7,, no scavenger 2,8,,,
agorboth,,Homotrysis,sp.,,,Homotrysis sp.,,arthropod,Coleoptera,Tenebrionidae,Alleculinae,1,no,scavenger,,above,,,Homotrysis,sp.,,1 no scavenger ,4.1,3,5, no scavenger 1,8,,,
agorboth,,Hybrenia,rugicollis,Carter,Metistete rugicollis,Hybrenia rugicollis,AFD,arthropod,Coleoptera,Tenebrionidae,Alleculinae,2,no,scavenger,,above,,,Hybrenia,rugicollis,,2 no scavenger ,9.1,7,, no scavenger 2,8,,,
agorboth,,Hypharpax,ranula,(Castelnau),Hypharpax ranula,,AFD,arthropod,Coleoptera,Carabidae,Harpalini,1,no,omnivore(granivore),,on,ground,,Hypharpax,ranula,,1 no omnivore on,4,3,5,on no omnivore 1,11,,,
agorboth,,Hypharpax,sp.,,,Hypharpax sp.,,arthropod,Coleoptera,Carabidae,Harpalini,1,no,omnivore(granivore),,on,ground,,Hypharpax,sp.,,1 no omnivore on,4,3,5,on no omnivore 1,11,,,
agorboth,strip,Isopteron,carbo,Carter,,Isopteron carbo,not_found,arthropod,Coleoptera,Tenebrionidae,Adeliini,1,yes,scavenger,dead plant material/roots,concealed places/nocturnal,concealed places/nocturnal,subterranean ?,Isopteron,carbo,,1 yes scavenger on,6,4,7,on yes scavenger 1,6,0.6912,2,
agorboth,,Isopteron,championi,(Blackburn),Isopteron championi,,AFD,arthropod,Coleoptera,Tenebrionidae,Adeliini,2,no,scavenger,dead plant material/roots,concealed places/nocturnal,concealed places/nocturnal,subterranean ?,Isopteron,championi,,2 no scavenger on,9.3,7,5,on no scavenger 2,5,,,
agorboth,paddock,Isopteron,punctatissimus,(Pascoe),Adelium punctatissimum,Isopteron punctatissimus,AFD,arthropod,Coleoptera,Tenebrionidae,Adeliini,1,no,scavenger,dead plant material/roots,concealed places/nocturnal,concealed places/nocturnal,subterranean ?,Isopteron,punctatissimus,,1 no scavenger on,4.1,3,5,on no scavenger 1,5,2.48725,4,
agorboth,,Lanelater,sp. ,,,Lanelater sp. ,,arthropod,Coleoptera,Elateridae,Agrypninae,4,no,omnivore ,plant material/insect larvae,concealed places/nocturnal,concealed places/nocturnal,in soil,Lanelater,sp. ,,3 no omnivore  on,14,12,5,on no omnivore  3,4,,,
agorboth,,Lecanomerus,atriceps,(Macleay),Lecanomerus atriceps,,AFD,arthropod,Coleoptera,Carabidae,Harpalini,1,no,carnivore,,on,ground,,Lecanomerus,atriceps,,1 no carnivore on,2,1,4,on no carnivore 1,9,,,
agorboth,,Liparetrus,abnormalis,Macleay,Liparetrus abnormalis,,AFD,arthropod,Coleoptera,Scarabaeidae,Melolonthinae,1,no,herbivore,adults flowers/foliage Eucalypts/larvae humus or roots,above,,in soil,Liparetrus,abnormalis,,1 no herbivore above,3,2,2,above no herbivore 1,10,,,
agorboth,,Liparetrus,ater,Macleay,Liparetrus ater,,AFD,arthropod,Coleoptera,Scarabaeidae,Melolonthinae,1,no,herbivore,adults flowers/foliage Eucalypts/larvae humus or roots,above,,in soil,Liparetrus,ater,,1 no herbivore above,3,2,2,above no herbivore 1,10,,,
agorboth,,Liparetrus,fulvohirtus,Macleay,Liparetrus fulvohirtus,,AFD,arthropod,Coleoptera,Scarabaeidae,Melolonthinae,1,no,herbivore,adults flowers/foliage Eucalypts/larvae humus or roots,above,,in soil,Liparetrus,fulvohirtus,,1 no herbivore above,3,2,2,above no herbivore 1,10,0.571875,3,
agorboth,,Liparetrus,impressicollis,Macleay,Liparetrus impressicollis,,AFD,arthropod,Coleoptera,Scarabaeidae,Melolonthinae,1,no,herbivore,adults flowers/foliage Eucalypts/larvae humus or roots,above,,in soil,Liparetrus,impressicollis,,1 no herbivore above,3,2,2,above no herbivore 1,10,,,
agorboth,,Liparetrus,merus,Britton,Liparetrus merus,,AFD,arthropod,Coleoptera,Scarabaeidae,Melolonthinae,1,no,herbivore,adults flowers/foliage Eucalypts/larvae humus or roots,above,,in soil,Liparetrus,merus,,1 no herbivore above,3,2,2,above no herbivore 1,10,,,
agorboth,,Liparetrus,sp.,,,Liparetrus sp.,,arthropod,Coleoptera,Scarabaeidae,Melolonthinae,1,no,herbivore,adults flowers/foliage Eucalypts/larvae humus or roots,above,,in soil,Liparetrus,sp.,,1 no herbivore above,3,2,2,above no herbivore 1,10,,,
agorboth,,Liparetrus,umbrosus,Britton,Liparetrus umbrosus,,AFD,arthropod,Coleoptera,Scarabaeidae,Melolonthinae,1,no,herbivore,adults flowers/foliage Eucalypts/larvae humus or roots,above,,in soil,Liparetrus,umbrosus,,1 no herbivore above,3,2,2,above no herbivore 1,10,,,
agorboth,,Liparochrus,geminatus,Westwood,Liparochrus (Liparochrus) geminatus,Liparochrus geminatus,AFD,arthropod,Coleoptera,Hybosoridae,,1,no,necrophage,dead animals,deadstuff dung and fungi,carcasses/skins/dung,in soil,Liparochrus,geminatus,,1 no scavenger on,4.1,3,5,on no scavenger 1,5,,,
agorboth,,Maechidius,hoplocephalus,Lea,Maechidius hoplocephalus,,AFD,arthropod,Coleoptera,Scarabaeidae,Melolonthinae,1,no,,larvae humus or roots,,,in soil,Maechidius,hoplocephalus,,1 no  ,0.5,,0.5, no  1,99,,,
agorboth,,Maechidius,savagei,Lea,Maechidius savagei,,AFD,arthropod,Coleoptera,Scarabaeidae,Melolonthinae,1,no,,larvae humus or roots,,,in soil,Maechidius,savagei,,1 no  ,0.5,,0.5, no  1,99,,,
agorboth,,Maechidius,sp.,,,Maechidius sp.,,arthropod,Coleoptera,Scarabaeidae,Melolonthinae,1,no,,larvae humus or roots,,,in soil,Maechidius,sp.,,1 no  ,0.5,,0.5, no  1,99,,,
agorboth,,Mecyclothorax,punctipennis,(Macleay),Mecyclothorax (Mecyclothorax) punctipennis,Mecyclothorax punctipennis,AFD,arthropod,Coleoptera,Carabidae,Psydrini,1,no,carnivore,,on,ground,,Mecyclothorax,punctipennis,,1 no carnivore on,2,1,4,on no carnivore 1,9,1.298691176,3,
agorboth,strip,Microferonia,sp.,,,Microferonia sp.,,arthropod,Coleoptera,Carabidae,Licinini,1,no,carnivore,,on,ground,,Microferonia,sp.,,1 no carnivore on,2,1,4,on no carnivore 1,9,30.91766667,2,
agorboth,,Microlestodes,macleayi,(Csiki),Microlestodes (Microlestodes) macleayi,Microlestodes macleayi,AFD,arthropod,Coleoptera,Carabidae,Lebiini,1,no,carnivore,,on,litter,,Microlestodes,macleayi,,1 no carnivore on,2,1,4,on no carnivore 1,9,,,
agorboth,,Neoscaphus,simplex,Sloane,Neoscaphus simplex,,AFD,arthropod,Coleoptera,Carabidae,Scaritini,3,yes,carnivore,,under,fossorial/nocturnal/sandy soil,,Neoscaphus,simplex,,3 yes carnivore under,15.1,13,9,under yes carnivore 3,15,,,
agorboth,,Notagonum,sp.,,,Notagonum sp.,,arthropod,Coleoptera,Carabidae,Agonini,2,no,carnivore,,wetriparian,hygrophilus,,Notagonum,sp.,,2 no carnivore wetriparian,7.2,5,11,wetriparian no carnivore 2,16,,,
agorboth,,Notiobia (Anisotarsus),germari,(Castelnau),Notiobia (Anisotarsus) germari,,AFD,arthropod,Coleoptera,Carabidae,Harpalini,2,no,omnivore(granivore),,on,ground,,Notiobia (Anisotarsus),germari,,2 no omnivore on,9,7,5,on no omnivore 2,4,,,
agorboth,,Novapus,simplex,Sharp,Novapus simplex,,AFD,arthropod,Coleoptera,Scarabaeidae,Dynastinae,2,no,herbivore,larvae humus or roots,under,subterranean and burrowing,subterranean and burrowing,Novapus,simplex,,2 no herbivore under,8.1,6,8,under no herbivore 2,7,,,
agorboth,,Nyctozoilus,bos,(Carter),Nyctozoilus bos,,AFD,arthropod,Coleoptera,Tenebrionidae,Cyphaleini,3,yes,scavenger,dead plant material,concealed places/nocturnal,concealed places/nocturnal,subterranean ?,Nyctozoilus,bos,,3 yes scavenger on,16,14,7,on yes scavenger 3,6,,,
agorboth,,Omorgus (Omorgus),candidus,(Harold),Omorgus (Omorgus) candidus,,AFD,arthropod,Coleoptera,Trogidae,,2,no,necrophage,dead animals,deadstuff dung and fungi,carcasses/skins/dung,in soil,Omorgus (Omorgus),candidus,,2 no scavenger on,9.3,7,5,on no scavenger 2,5,,,
agorboth,,Omorgus (Omorgus),euclensis,(Blackburn),Omorgus (Omorgus) euclensis,,AFD,arthropod,Coleoptera,Trogidae,,2,no,necrophage,dead animals,deadstuff dung and fungi,carcasses/skins/dung,in soil,Omorgus (Omorgus),euclensis,,2 no scavenger on,9.3,7,5,on no scavenger 2,5,,,
agorboth,,Omorgus (Omorgus),mentitor,(Blackburn),Omorgus (Omorgus) mentitor,,AFD,arthropod,Coleoptera,Trogidae,,2,no,necrophage,dead animals,deadstuff dung and fungi,carcasses/skins/dung,in soil,Omorgus (Omorgus),mentitor,,2 no scavenger on,9.3,7,5,on no scavenger 2,5,,,
agorboth,,Omorgus (Omorgus),pellosomus,(Scholtz),Omorgus (Omorgus) pellosomus,,AFD,arthropod,Coleoptera,Trogidae,,2,no,necrophage,dead animals,deadstuff dung and fungi,carcasses/skins/dung,in soil,Omorgus (Omorgus),pellosomus,,2 no scavenger on,9.3,7,5,on no scavenger 2,5,,,
agorboth,paddock,Omorgus (Omorgus),semicostatus,(Macleay),Omorgus (Omorgus) semicostatus,,AFD,arthropod,Coleoptera,Trogidae,,1,no,necrophage,dead animals,deadstuff dung and fungi,carcasses/skins/dung,in soil,Omorgus (Omorgus),semicostatus,,1 no scavenger on,4.1,3,5,on no scavenger 1,5,3.437857143,4,
agorboth,,Omorgus (Omorgus),sp. near candidus,(Harold),,Omorgus (Omorgus) sp. near candidus,,arthropod,Coleoptera,Trogidae,,2,no,necrophage,dead animals,deadstuff dung and fungi,carcasses/skins/dung,in soil,Omorgus (Omorgus),sp. near candidus,,2 no scavenger on,9.3,7,5,on no scavenger 2,5,,,
n,,Omorgus (Omorgus),tatei,(Blackburn),Omorgus (Omorgus) tatei,,AFD,arthropod,Coleoptera,Trogidae,,3,yes,necrophage,dead animals,deadstuff dung and fungi,carcasses/skins/dung,in soil,Omorgus (Omorgus),tatei,,3 yes scavenger on,16,14,7,on yes scavenger 3,6,,,
agorboth,,Onthophagus,blackburni,Shipp,Onthophagus blackburni,,AFD,arthropod,Coleoptera,Scarabaeidae,Scarabaeinae,1,no,coprophage,dung,deadstuff dung and fungi,in dung,in dung-provisioned burrows,Onthophagus,blackburni,,1 no scavenger on,4.1,3,5,on no scavenger 1,5,,,
agorboth,,Onthophagus,gazella,(Fabricius),Digitonthophagus gazella,Onthophagus gazella,AFD,arthropod,Coleoptera,Scarabaeidae,Scarabaeinae,1,no,coprophage,cow/horse dung,deadstuff dung and fungi,in dung,in dung-provisioned burrows,Onthophagus,gazella,introduced,1 no scavenger on,4.1,3,5,on no scavenger 1,5,,,
agorboth,,Onthophagus,victoriensis,Blackburn,Onthophagus victoriensis,,AFD,arthropod,Coleoptera,Scarabaeidae,Scarabaeinae,1,no,coprophage,cow/horse/kangaroo dung,deadstuff dung and fungi,in dung,in dung-provisioned burrows,Onthophagus,victoriensis,,1 no scavenger on,4.1,3,5,on no scavenger 1,5,,,
agorboth,,Paracardiophorus,amabilis,Carter,Paracardiophorus amabilis,,AFD,arthropod,Coleoptera,Elateridae,Cardiophorinae,1,no,omnivore,plant material/insect larvae,concealed places/nocturnal,concealed places/nocturnal,in soil or decaying logs,Paracardiophorus,amabilis,,1 no omnivore on,4,3,5,on no omnivore 1,11,,,
agorboth,,Paracardiophorus,sexnotatus,Carter,Paracardiophorus sexnotatus,,AFD,arthropod,Coleoptera,Elateridae,Cardiophorinae,1,no,omnivore,plant material/insect larvae,concealed places/nocturnal,concealed places/nocturnal,in soil or decaying logs,Paracardiophorus,sexnotatus,,1 no omnivore on,4,3,5,on no omnivore 1,11,,,
agorboth,,Paracardiophorus,subfasciatus,Carter,Paracardiophorus subfasciatus,,AFD,arthropod,Coleoptera,Elateridae,Cardiophorinae,1,no,omnivore,plant material/insect larvae,concealed places/nocturnal,concealed places/nocturnal,in soil or decaying logs,Paracardiophorus,subfasciatus,,1 no omnivore on,4,3,5,on no omnivore 1,11,,,
agorboth,,Paussotropus,cylindricus,(Chaudoir),Paussotropus cylindricus,,AFD,arthropod,Coleoptera,Carabidae,Pseudomorphinae,1,no,carnivore,larvae prey on ants,above,arboreal/under bark,live with ants,Paussotropus,cylindricus,,1 no carnivore above,1,1,1,above no carnivore 1,1,,,
agorboth,,Pherosophus,verticalis,(Dejean),Pheropsophus verticalis,Pherosophus verticalis,AFD,arthropod,Coleoptera,Carabidae,Brachininae,2,no,carnivore,,wetriparian,riparian,,Pherosophus,verticalis,,2 no carnivore wetriparian,7.2,5,11,wetriparian no carnivore 2,16,,,
agorboth,,Philoscaphus,tuberculatus,(Macleay),Philoscaphus tuberculatus,,AFD,arthropod,Coleoptera,Carabidae,Scaritini,3,yes,carnivore,,under,fossorial/nocturnal/sandy soil,,Philoscaphus,tuberculatus,,3 yes carnivore under,15.1,13,9,under yes carnivore 3,15,0.804897059,1,
agorboth,,Phorticosomus,sp.,,,Phorticosomus sp.,,arthropod,Coleoptera,Carabidae,Harpalini,2,no,carnivore,,under,fossorial,,Phorticosomus,sp.,,2 no carnivore under,7.1,5,8,under no carnivore 2,7,,,
agorboth,,Phyllotocus,kingi,Macleay,Phyllotocus kingii,Phyllotocus kingi,AFD,arthropod,Coleoptera,Scarabaeidae,Melolonthinae,1,no,herbivore,adult flowers/larvae humus or root feeders,,,in soil,Phyllotocus,kingi,,1 no herbivore ,3,2,2, no herbivore 1,10,,,
agorboth,,Phyllotocus,rufipennis,(Boisduval),Phyllotocus rufipennis,,AFD,arthropod,Coleoptera,Scarabaeidae,Melolonthinae,1,no,herbivore,adult flowers/larvae humus or root feeders,,,in soil,Phyllotocus,rufipennis,,1 no herbivore ,3,2,2, no herbivore 1,10,,,
agorboth,,Phyllotocus,sp. near luridus,Britton,,Phyllotocus sp. near luridus,,arthropod,Coleoptera,Scarabaeidae,Melolonthinae,1,no,herbivore,adult flowers/larvae humus or root feeders,,,in soil,Phyllotocus,sp. near luridus,,1 no herbivore ,3,2,2, no herbivore 1,10,,,
n,,Pseudotetralobus,sp.,,,Pseudotetralobus sp.,,arthropod,Coleoptera,Elateridae,Agrypninae,4,no,omnivore,larvae feed on termites,concealed places/nocturnal,concealed places/nocturnal,in termite mounds or logs,Pseudotetralobus,sp.,,3 no omnivore on,14,12,5,on no omnivore 3,4,,,
agorboth,,Pterohelaeus,sp. 1,,,Pterohelaeus sp. 1,,arthropod,Coleoptera,Tenebrionidae,Heleini,2,yes,scavenger,dead plant material/roots,concealed places/nocturnal,concealed places/nocturnal,subterranean,Pterohelaeus,sp. 1,,2 yes scavenger on,11,9,7,on yes scavenger 2,6,,,
agorboth,,Pterohelaeus,sp. 2,,,Pterohelaeus sp. 2,,arthropod,Coleoptera,Tenebrionidae,Heleini,2,no,scavenger,dead plant material/roots,above,concealed places/nocturnal/arboreal?,subterranean,Pterohelaeus,sp. 2,,2 no scavenger above,9.2,7,3,above no scavenger 2,5,,,
agorboth,,Pterohelaeus,sp. 3,,,Pterohelaeus sp. 3,,arthropod,Coleoptera,Tenebrionidae,Heleini,2,no,scavenger,dead plant material/roots,above,concealed places/nocturnal/arboreal?,subterranean,Pterohelaeus,sp. 3,,2 no scavenger above,9.2,7,3,above no scavenger 2,5,,,
agorboth,,Rhytisternus,sp.,,,Rhytisternus sp.,,arthropod,Coleoptera,Carabidae,Pterostichini,2,no,carnivore,,wetriparian,hygrophilus,,Rhytisternus,sp.,,2 no carnivore wetriparian,7.2,5,11,wetriparian no carnivore 2,16,,,
agorboth,,Saragus,costatus,(Solier),Saragus costatus,,AFD,arthropod,Coleoptera,Tenebrionidae,Heleini,2,yes,scavenger,dead plant material,concealed places/nocturnal,concealed places/nocturnal,subterranean,Saragus,costatus,,2 yes scavenger on,11,9,7,on yes scavenger 2,6,,,
agorboth,,Sarticus,cyanotinctus,Chaudoir,Sarticus (Sarticus) cyaneocinctus,Sarticus cyanotinctus,AFD,arthropod,Coleoptera,Carabidae,Pterostichini,2,yes,carnivore,,on,low woodland/pastures,,Sarticus,cyanotinctus,,2 yes carnivore ,10,8,, yes carnivore 2,13,1.034932692,3,
n,,Sarticus,dixoni,Sloane,Sarticus (Sarticus) dixoni,Sarticus dixoni,AFD,arthropod,Coleoptera,Carabidae,Pterostichini,1,yes,carnivore,,,tall open shrubland,,Sarticus,dixoni,,1 yes carnivore ,5,4,6, yes carnivore 1,99,,,
agorboth,,Sciton,argustus,Szito & Britton MS,Sciton argustus,,not_found,arthropod,Coleoptera,Scarabaeidae,Melolonthinae,2,no,,larvae humus or roots,,,in soil,Sciton,argustus,,2 no  ,6.2,,0.5, no  2,99,,,
agorboth,,Sciton,ruber,Blackburn,Sciton ruber,,AFD,arthropod,Coleoptera,Scarabaeidae,Melolonthinae,2,no,,larvae humus or roots,,,in soil,Sciton,ruber,,2 no  ,6.2,,0.5, no  2,99,,,
agorboth,road,Scopodes,sp.,,,Scopodes sp.,,arthropod,Coleoptera,Carabidae,Odacanthini,1,no,carnivore,,concealed places/nocturnal,"active during the day, not nocturnal",,Scopodes,sp.,,1 no carnivore on,2,1,4,on no carnivore 1,9,4.9235,3,
agorboth,road,Semanopterus,rectangulus,Blackburn,Semanopterus rectangulus,,AFD,arthropod,Coleoptera,Scarabaeidae,Dynastinae,2,no,herbivore,larvae humus or roots,under,subterranean and burrowing,subterranean and burrowing,Semanopterus,rectangulus,,2 no herbivore under,8.1,6,8,under no herbivore 2,7,3.023466667,3,
agorboth,,Semanopterus,subcostatus,(Castelnau),Semanopterus subcostatus,,AFD,arthropod,Coleoptera,Scarabaeidae,Dynastinae,2,no,herbivore,larvae humus or roots,under,subterranean and burrowing,subterranean and burrowing,Semanopterus,subcostatus,,2 no herbivore under,8.1,6,8,under no herbivore 2,7,,,
agorboth,,Simodontus,laeviceps,Sloane,Simodontus (Simodontus) laeviceps,Simodontus laeviceps,AFD,arthropod,Coleoptera,Carabidae,Pterostichini,1,no,carnivore,,on,ground,,Simodontus,laeviceps,,1 no carnivore on,2,1,4,on no carnivore 1,9,,,
agorboth,,Simodontus,sp. 1,,,Simodontus sp. 1,,arthropod,Coleoptera,Carabidae,Pterostichini,1,no,carnivore,,on,ground,,Simodontus,sp. 1,,1 no carnivore on,2,1,4,on no carnivore 1,9,1.323519231,2,
agorboth,,Simodontus,sp. 2,,,Simodontus sp. 2,,arthropod,Coleoptera,Carabidae,Pterostichini,1,no,carnivore,,on,ground,,Simodontus,sp. 2,,1 no carnivore on,2,1,4,on no carnivore 1,9,,,
agorboth,,Sphallomorpha,sp.,,,Sphallomorpha sp.,,arthropod,Coleoptera,Carabidae,Pseudomorphinae,1,no,carnivore,larvae prey on ants,above,arboreal/lives under bark,in burrows in ground,Sphallomorpha,sp.,,1 no carnivore above,1,1,1,above no carnivore 1,1,,,
agorboth,,Stenolophus (Egadroma),piceus,(Guerin-Meneville),Egadroma piceum,Stenolophus (Egadroma) piceus,AFD,arthropod,Coleoptera,Carabidae,Harpalini,1,no,omnivore(granivore),,on,ground,,Stenolophus (Egadroma),piceus,,1 no omnivore on,4,3,5,on no omnivore 1,11,,,
agorboth,,Styrus,sp.,,,Styrus sp.,,arthropod,Coleoptera,Tenebrionidae,Cyphaleini,2,yes,scavenger,dead plant material,concealed places/nocturnal,concealed places/nocturnal,subterranean ?,Styrus,sp.,,2 yes scavenger on,11,9,7,on yes scavenger 2,6,,,
agorboth,,Toxicum,gracile,Pascoe,Toxicum gracile,,AFD,arthropod,Coleoptera,Tenebrionidae,Toxicini,2,no,fungivore,fungal fruiting bodies,deadstuff dung and fungi,in fungi,in fungi,Toxicum,gracile,,2 no scavenger on,9.3,7,5,on no scavenger 2,5,,,
n,,Trichocarenum,sp.,,,Trichocarenum sp.,,arthropod,Coleoptera,Carabidae,Scaritini,2,yes,carnivore,,under,fossorial/nocturnal/sandy soil,,Trichocarenum,sp.,,2 yes carnivore under,10.1,8,9,under yes carnivore 2,14,,,
n,,Trichosaragus,convexus,(Carter),Trichosaragus convexus,,AFD,arthropod,Coleoptera,Tenebrionidae,Heleini,1,yes,scavenger,dead plant material,under,fossorial/nocturnal,subterranean,Trichosaragus,convexus,,1 yes scavenger under,6.1,4,10,under yes scavenger 1,3,,,