updated_name,resprouting_binomial,seeding_binomial,avg_maturity_primary,avg_maturity_secondary,bin_maturity_primary,min_maturity_primary,min_maturity_secondary,resprouting_binomial_score,seeding_binomial_score,avg_maturity_primary_score,avg_maturity_secondary_score,bin_maturity_primary_score,min_maturity_primary_score,min_maturity_secondary_score,score_GM
Acacia acuminata,TRUE,TRUE,5,NA,NA,NA,NA,0.2,0.2,0.2,NA,NA,NA,NA,0.2
Acacia burkittii,FALSE,TRUE,NA,NA,5--20,NA,NA,1,0.2,NA,NA,1,NA,NA,0.584803548
Acacia aneura,FALSE,TRUE,4,NA,10--,NA,NA,1,0.2,0.2,NA,1,NA,NA,0.447213595
Acacia aulacocarpa,TRUE,TRUE,NA,NA,NA,NA,NA,0.2,0.2,NA,NA,NA,NA,NA,0.2
Acacia baileyana,FALSE,TRUE,NA,NA,NA,2.616279,NA,1,0.2,NA,NA,NA,0.2,NA,0.341995189
Vachellia bidwillii,TRUE,TRUE,NA,NA,NA,NA,NA,0.2,0.2,NA,NA,NA,NA,NA,0.2
Acacia binervata,TRUE,TRUE,NA,NA,NA,5,NA,0.2,0.2,NA,NA,NA,0.2,NA,0.2
Acacia blakelyi,FALSE,TRUE,2,NA,NA,NA,NA,1,0.2,0.2,NA,NA,NA,NA,0.341995189
Acacia calamifolia,FALSE,TRUE,NA,NA,5--20,NA,NA,1,0.2,NA,NA,1,NA,NA,0.584803548
Acacia cincinnata,TRUE,TRUE,12,NA,NA,NA,NA,0.2,0.2,1,NA,NA,NA,NA,0.341995189
Acacia concurrens,TRUE,TRUE,NA,NA,NA,NA,NA,0.2,0.2,NA,NA,NA,NA,NA,0.2
Acacia cyclops,FALSE,NA,2,NA,NA,NA,NA,1,NA,0.2,NA,NA,NA,NA,0.447213595
Acacia cyperophylla,FALSE,NA,NA,NA,10--,NA,NA,1,NA,NA,NA,1,NA,NA,1
Acacia dealbata,TRUE,TRUE,NA,NA,5--20,5,NA,0.2,0.2,NA,NA,1,0.2,NA,0.299069756
Acacia deanei,FALSE,TRUE,NA,NA,5--20,NA,NA,1,0.2,NA,NA,1,NA,NA,0.584803548
Acacia decurrens,FALSE,TRUE,NA,NA,NA,NA,NA,1,0.2,NA,NA,NA,NA,NA,0.447213595
Acacia doratoxylon,TRUE,TRUE,NA,NA,5--20,NA,NA,0.2,0.2,NA,NA,1,NA,NA,0.341995189
Acacia falcata,FALSE,TRUE,NA,NA,1--5,1.744186,NA,1,0.2,NA,NA,0.2,0.2,NA,0.299069756
Acacia filicifolia,TRUE,TRUE,NA,NA,5--20,5,NA,0.2,0.2,NA,NA,1,0.2,NA,0.299069756
Acacia floribunda,TRUE,TRUE,NA,2.5,5--20,3,2.61627907,0.2,0.2,NA,0.2,1,0.2,0.2,0.261532097
Acacia harpophylla,TRUE,FALSE,NA,NA,5--20,NA,NA,0.2,1,NA,NA,1,NA,NA,0.584803548
Acacia holosericea,FALSE,TRUE,NA,NA,2--3,NA,NA,1,0.2,NA,NA,0.2,NA,NA,0.341995189
Acacia implexa,TRUE,TRUE,NA,NA,5--20,1,NA,0.2,0.2,NA,NA,1,0.2,NA,0.299069756
Acacia ingramii,FALSE,NA,NA,NA,NA,NA,NA,1,NA,NA,NA,NA,NA,NA,1
Acacia irrorata,FALSE,TRUE,NA,NA,5--20,NA,NA,1,0.2,NA,NA,1,NA,NA,0.584803548
Acacia leiocalyx,TRUE,TRUE,NA,NA,5--20,NA,NA,0.2,0.2,NA,NA,1,NA,NA,0.341995189
Acacia leptostachya,FALSE,TRUE,NA,NA,1--5,NA,NA,1,0.2,NA,NA,0.2,NA,NA,0.341995189
Acacia ligulata,TRUE,TRUE,NA,NA,5--20,NA,NA,0.2,0.2,NA,NA,1,NA,NA,0.341995189
Acacia linifolia,FALSE,TRUE,NA,NA,NA,1.085271,NA,1,0.2,NA,NA,NA,0.2,NA,0.341995189
Acacia longifolia,FALSE,TRUE,NA,NA,5--20,NA,NA,1,0.2,NA,NA,1,NA,NA,0.584803548
Acacia mangium,FALSE,TRUE,NA,NA,NA,NA,NA,1,0.2,NA,NA,NA,NA,NA,0.447213595
Acacia mearnsii,TRUE,TRUE,NA,NA,5--20,5,NA,0.2,0.2,NA,NA,1,0.2,NA,0.299069756
Acacia melanoxylon,TRUE,TRUE,NA,NA,5--20,5,3,0.2,0.2,NA,NA,1,0.2,0.2,0.275945932
Acacia montana,FALSE,TRUE,NA,NA,5--20,NA,NA,1,0.2,NA,NA,1,NA,NA,0.584803548
Acacia mucronata,TRUE,TRUE,NA,NA,5--20,NA,NA,0.2,0.2,NA,NA,1,NA,NA,0.341995189
Acacia myrtifolia,FALSE,TRUE,1.75,NA,5--20,2,NA,1,0.2,0.2,NA,1,0.2,NA,0.380730788
Acacia obliquinervia,FALSE,TRUE,NA,NA,5--20,NA,NA,1,0.2,NA,NA,1,NA,NA,0.584803548
Acacia obtusifolia,TRUE,TRUE,NA,NA,5--20,4,NA,0.2,0.2,NA,NA,1,0.2,NA,0.299069756
Acacia oswaldii,TRUE,FALSE,NA,NA,4--5,NA,NA,0.2,1,NA,NA,0.2,NA,NA,0.341995189
Acacia paradoxa,FALSE,TRUE,NA,NA,5--20,NA,NA,1,0.2,NA,NA,1,NA,NA,0.584803548
Acacia parramattensis,FALSE,TRUE,NA,NA,5--20,5,NA,1,0.2,NA,NA,1,0.2,NA,0.447213595
Acacia pendula,TRUE,TRUE,NA,NA,5--20,NA,NA,0.2,0.2,NA,NA,1,NA,NA,0.341995189
Acacia peuce,FALSE,NA,NA,NA,10--,NA,NA,1,NA,NA,NA,1,NA,NA,1
Acacia podalyriifolia,FALSE,TRUE,NA,NA,NA,2.403101,NA,1,0.2,NA,NA,NA,0.2,NA,0.341995189
Acacia provincialis,FALSE,NA,NA,NA,5--20,NA,NA,1,NA,NA,NA,1,NA,NA,1
Acacia pycnantha,FALSE,TRUE,NA,NA,5--20,2,NA,1,0.2,NA,NA,1,0.2,NA,0.447213595
Acacia ramulosa,FALSE,NA,NA,NA,6--10,NA,NA,1,NA,NA,NA,1,NA,NA,1
Acacia retinodes,FALSE,TRUE,NA,NA,5--20,NA,NA,1,0.2,NA,NA,1,NA,NA,0.584803548
Acacia rostellifera,TRUE,NA,3,NA,NA,NA,NA,0.2,NA,0.2,NA,NA,NA,NA,0.2
Acacia saligna,TRUE,TRUE,3,NA,NA,NA,NA,0.2,0.2,0.2,NA,NA,NA,NA,0.2
Acacia shirleyi,TRUE,TRUE,NA,NA,10--,NA,NA,0.2,0.2,NA,NA,1,NA,NA,0.341995189
Acacia longifolia subsp. sophorae,TRUE,TRUE,NA,NA,5--20,5,NA,0.2,0.2,NA,NA,1,0.2,NA,0.299069756
Acacia spectabilis,FALSE,NA,NA,NA,1--5,NA,NA,1,NA,NA,NA,0.2,NA,NA,0.447213595
Acacia spilleriana,FALSE,NA,NA,NA,5--20,NA,NA,1,NA,NA,NA,1,NA,NA,1
Acacia terminalis,FALSE,TRUE,NA,NA,1--5,1.763566,NA,1,0.2,NA,NA,0.2,0.2,NA,0.299069756
Acacia ulicifolia,FALSE,TRUE,NA,NA,1--5,1.29845,NA,1,0.2,NA,NA,0.2,0.2,NA,0.299069756
Aciphylla glacialis,TRUE,TRUE,NA,NA,1--5,1,NA,0.2,0.2,NA,NA,0.2,0.2,NA,0.2
Syzygium smithii,TRUE,FALSE,NA,NA,5--20,5,1,0.2,1,NA,NA,1,0.2,0.2,0.380730788
Acronychia imperforata,TRUE,NA,NA,NA,NA,NA,NA,0.2,NA,NA,NA,NA,NA,NA,0.2
Acrothamnus hookeri,TRUE,FALSE,NA,NA,1--5,NA,NA,0.2,1,NA,NA,0.2,NA,NA,0.341995189
Actinotus helianthi,FALSE,NA,NA,NA,NA,0.7945736,NA,1,NA,NA,NA,NA,0.2,NA,0.447213595
Adriana tomentosa var. hookeri,TRUE,TRUE,NA,NA,4--5,NA,NA,0.2,0.2,NA,NA,0.2,NA,NA,0.2
Aegiceras corniculatum,TRUE,NA,NA,NA,5--20,NA,NA,0.2,NA,NA,NA,1,NA,NA,0.447213595
Ageratum houstonianum,FALSE,NA,NA,NA,NA,0.7364341,NA,1,NA,NA,NA,NA,0.2,NA,0.447213595
Agonis flexuosa,TRUE,NA,NA,NA,NA,NA,NA,0.2,NA,NA,NA,NA,NA,NA,0.2
Alectryon coriaceus,TRUE,NA,NA,NA,NA,NA,NA,0.2,NA,NA,NA,NA,NA,NA,0.2
Allocasuarina acutivalvis,FALSE,NA,5,NA,NA,NA,NA,1,NA,0.2,NA,NA,NA,NA,0.447213595
Allocasuarina campestris,FALSE,NA,5,NA,NA,NA,NA,1,NA,0.2,NA,NA,NA,NA,0.447213595
Allocasuarina distyla,TRUE,TRUE,NA,NA,NA,1.666667,NA,0.2,0.2,NA,NA,NA,0.2,NA,0.2
Allocasuarina fraseriana,TRUE,TRUE,NA,NA,NA,NA,NA,0.2,0.2,NA,NA,NA,NA,NA,0.2
Allocasuarina huegeliana,TRUE,NA,5,NA,NA,NA,NA,0.2,NA,0.2,NA,NA,NA,NA,0.2
Allocasuarina humilis,TRUE,TRUE,NA,NA,NA,NA,NA,0.2,0.2,NA,NA,NA,NA,NA,0.2
Allocasuarina inophloia,TRUE,TRUE,NA,NA,5--20,NA,NA,0.2,0.2,NA,NA,1,NA,NA,0.341995189
Allocasuarina littoralis,TRUE,TRUE,NA,3,5--20,3,2.403100775,0.2,0.2,NA,0.2,1,0.2,0.2,0.261532097
Allocasuarina luehmannii,TRUE,TRUE,NA,NA,5--20,NA,NA,0.2,0.2,NA,NA,1,NA,NA,0.341995189
Allocasuarina muelleriana,FALSE,TRUE,NA,NA,NA,NA,NA,1,0.2,NA,NA,NA,NA,NA,0.447213595
Allocasuarina nana,TRUE,NA,NA,NA,5--20,NA,NA,0.2,NA,NA,NA,1,NA,NA,0.447213595
Allocasuarina striata,FALSE,NA,NA,NA,5--20,NA,NA,1,NA,NA,NA,1,NA,NA,1
Allocasuarina torulosa,TRUE,TRUE,NA,NA,NA,NA,NA,0.2,0.2,NA,NA,NA,NA,NA,0.2
Allocasuarina verticillata,TRUE,TRUE,NA,NA,5--20,NA,NA,0.2,0.2,NA,NA,1,NA,NA,0.341995189
Alphitonia excelsa,TRUE,TRUE,NA,NA,4--5,NA,NA,0.2,0.2,NA,NA,0.2,NA,NA,0.2
Alphitonia petriei,FALSE,TRUE,10,NA,0--5,NA,NA,1,0.2,1,NA,0.2,NA,NA,0.447213595
Alyxia ruscifolia,TRUE,FALSE,NA,NA,NA,5,NA,0.2,1,NA,NA,NA,0.2,NA,0.341995189
Ammobium alatum,FALSE,NA,NA,NA,0--1,1,NA,1,NA,NA,NA,0.2,0.2,NA,0.341995189
Amyema miquelii,FALSE,TRUE,NA,NA,1--5,NA,NA,1,0.2,NA,NA,0.2,NA,NA,0.341995189
Amyema miraculosa,FALSE,TRUE,NA,NA,1--5,NA,NA,1,0.2,NA,NA,0.2,NA,NA,0.341995189
Amyema preissii,FALSE,TRUE,NA,NA,1--5,NA,NA,1,0.2,NA,NA,0.2,NA,NA,0.341995189
Amyema quandang,FALSE,TRUE,NA,NA,1--5,NA,NA,1,0.2,NA,NA,0.2,NA,NA,0.341995189
Andersonia heterophylla,FALSE,TRUE,NA,NA,NA,NA,NA,1,0.2,NA,NA,NA,NA,NA,0.447213595
Angianthus brachypappus,FALSE,NA,NA,NA,0--1,NA,NA,1,NA,NA,NA,0.2,NA,NA,0.447213595
Angophora bakeri,TRUE,TRUE,NA,1,NA,1,0.968992248,0.2,0.2,NA,0.2,NA,0.2,0.2,0.2
Angophora costata,TRUE,TRUE,NA,NA,5--20,5,NA,0.2,0.2,NA,NA,1,0.2,NA,0.299069756
Angophora floribunda,TRUE,TRUE,NA,NA,5--20,5,NA,0.2,0.2,NA,NA,1,0.2,NA,0.299069756
Angophora hispida,TRUE,TRUE,NA,NA,NA,1,0.620155039,0.2,0.2,NA,NA,NA,0.2,0.2,0.2
Angophora subvelutina,TRUE,NA,NA,NA,5--20,NA,NA,0.2,NA,NA,NA,1,NA,NA,0.447213595
Angophora woodsiana,TRUE,NA,NA,NA,NA,NA,NA,0.2,NA,NA,NA,NA,NA,NA,0.2
Aotus ericoides,TRUE,TRUE,NA,NA,5--20,2,2,0.2,0.2,NA,NA,1,0.2,0.2,0.275945932
Aotus lanigera,FALSE,NA,NA,NA,NA,NA,NA,1,NA,NA,NA,NA,NA,NA,1
Capparis anomala,FALSE,FALSE,NA,NA,5--20,NA,NA,1,1,NA,NA,1,NA,NA,1
Argyrodendron peralatum,NA,NA,NA,NA,20--,NA,NA,NA,NA,NA,NA,1,NA,NA,1
Arthropodium milleflorum,TRUE,TRUE,NA,NA,1--5,NA,NA,0.2,0.2,NA,NA,0.2,NA,NA,0.2
Asperula gunnii,TRUE,TRUE,NA,NA,1--5,1,NA,0.2,0.2,NA,NA,0.2,0.2,NA,0.2
Asphodelus fistulosus,TRUE,NA,NA,NA,NA,NA,NA,0.2,NA,NA,NA,NA,NA,NA,0.2
Astroloma xerophyllum,FALSE,TRUE,4,NA,0--4,NA,NA,1,0.2,0.2,NA,0.2,NA,NA,0.299069756
Astrotricha longifolia,TRUE,TRUE,NA,NA,1--5,2,NA,0.2,0.2,NA,NA,0.2,0.2,NA,0.2
Atalaya hemiglauca,TRUE,FALSE,NA,NA,6--10,NA,NA,0.2,1,NA,NA,1,NA,NA,0.584803548
Backhousia myrtifolia,TRUE,FALSE,NA,NA,1--5,NA,NA,0.2,1,NA,NA,0.2,NA,NA,0.341995189
Hysterobaeckea behrii,TRUE,TRUE,NA,NA,1--5,NA,NA,0.2,0.2,NA,NA,0.2,NA,NA,0.2
Baeckea frutescens,TRUE,NA,NA,NA,NA,NA,NA,0.2,NA,NA,NA,NA,NA,NA,0.2
Baeckea gunniana,TRUE,FALSE,NA,NA,1--5,5,NA,0.2,1,NA,NA,0.2,0.2,NA,0.299069756
Baeckea imbricata,TRUE,NA,NA,2,NA,2,NA,0.2,NA,NA,0.2,NA,0.2,NA,0.2
Banksia attenuata,TRUE,TRUE,NA,NA,NA,NA,NA,0.2,0.2,NA,NA,NA,NA,NA,0.2
Banksia brownii,FALSE,TRUE,5.5,NA,NA,NA,NA,1,0.2,1,NA,NA,NA,NA,0.584803548
Banksia ericifolia,FALSE,TRUE,NA,NA,NA,3.430233,NA,1,0.2,NA,NA,NA,0.2,NA,0.341995189
Banksia integrifolia,TRUE,TRUE,NA,NA,NA,7,NA,0.2,0.2,NA,NA,NA,1,NA,0.341995189
Banksia marginata,TRUE,TRUE,NA,NA,5--20,2,2,0.2,0.2,NA,NA,1,0.2,0.2,0.275945932
Banksia menziesii,TRUE,TRUE,NA,NA,NA,NA,NA,0.2,0.2,NA,NA,NA,NA,NA,0.2
Banksia prionotes,FALSE,TRUE,3,NA,NA,NA,NA,1,0.2,0.2,NA,NA,NA,NA,0.341995189
Banksia serrata,TRUE,TRUE,NA,NA,5--20,2,2,0.2,0.2,NA,NA,1,0.2,0.2,0.275945932
Banksia spinulosa,TRUE,TRUE,NA,NA,5--20,NA,2.364341085,0.2,0.2,NA,NA,1,NA,0.2,0.299069756
Beaufortia elegans,FALSE,TRUE,2,NA,0--2,NA,NA,1,0.2,0.2,NA,0.2,NA,NA,0.299069756
Bombax ceiba,TRUE,TRUE,NA,NA,10--,NA,NA,0.2,0.2,NA,NA,1,NA,NA,0.341995189
Boronia granitica,FALSE,TRUE,NA,NA,NA,3,NA,1,0.2,NA,NA,NA,0.2,NA,0.341995189
Boronia ledifolia,FALSE,TRUE,NA,0.3,5--20,1.647287,NA,1,0.2,NA,0.2,1,0.2,NA,0.380730788
Boronia megastigma,FALSE,NA,2,NA,NA,NA,NA,1,NA,0.2,NA,NA,NA,NA,0.447213595
Boronia rosmarinifolia,TRUE,NA,NA,NA,NA,NA,NA,0.2,NA,NA,NA,NA,NA,NA,0.2
Bossiaea eriocarpa,FALSE,TRUE,NA,NA,NA,NA,NA,1,0.2,NA,NA,NA,NA,NA,0.447213595
Bossiaea foliosa,TRUE,TRUE,NA,NA,5--20,10,NA,0.2,0.2,NA,NA,1,1,NA,0.447213595
Bossiaea rhombifolia,TRUE,TRUE,NA,NA,5--20,NA,NA,0.2,0.2,NA,NA,1,NA,NA,0.341995189
Bossiaea walkeri,TRUE,NA,NA,NA,5--20,NA,NA,0.2,NA,NA,NA,1,NA,NA,0.447213595
Brachychiton populneus,TRUE,FALSE,NA,NA,5--20,NA,NA,0.2,1,NA,NA,1,NA,NA,0.584803548
Brachychiton acerifolius,TRUE,NA,NA,NA,NA,NA,NA,0.2,NA,NA,NA,NA,NA,NA,0.2
Brachyscome decipiens,TRUE,NA,NA,1,0--1,1,NA,0.2,NA,NA,0.2,0.2,0.2,NA,0.2
Brachyscome nivalis,TRUE,NA,NA,NA,1--5,NA,NA,0.2,NA,NA,NA,0.2,NA,NA,0.2
Brachyscome rigidula,TRUE,FALSE,NA,NA,1--5,1,NA,0.2,1,NA,NA,0.2,0.2,NA,0.299069756
Brachyscome spathulata,TRUE,TRUE,NA,1,1--5,1,NA,0.2,0.2,NA,0.2,0.2,0.2,NA,0.2
Brachyscome scapigera,TRUE,NA,NA,1,1--5,1,NA,0.2,NA,NA,0.2,0.2,0.2,NA,0.2
Brachyscome barkerae,TRUE,NA,NA,NA,1--5,NA,NA,0.2,NA,NA,NA,0.2,NA,NA,0.2
Brachyscome stolonifera,FALSE,NA,NA,NA,1--5,NA,NA,1,NA,NA,NA,0.2,NA,NA,0.447213595
Buchanania obovata,TRUE,TRUE,NA,NA,10--,NA,NA,0.2,0.2,NA,NA,1,NA,NA,0.341995189
Bursaria,TRUE,TRUE,NA,NA,NA,NA,NA,0.2,0.2,NA,NA,NA,NA,NA,0.2
Bursaria spinosa,TRUE,FALSE,NA,2,5--20,2,0.988372093,0.2,1,NA,0.2,1,0.2,0.2,0.341995189
Caladenia carnea,TRUE,FALSE,NA,1,1--5,1,0.697674419,0.2,1,NA,0.2,0.2,0.2,0.2,0.261532097
Calandrinia balonensis,FALSE,NA,NA,NA,0--1,NA,NA,1,NA,NA,NA,0.2,NA,NA,0.447213595
Callistemon pallidus,TRUE,TRUE,NA,NA,1--5,NA,NA,0.2,0.2,NA,NA,0.2,NA,NA,0.2
Callistemon salignus,TRUE,TRUE,NA,1,NA,1,NA,0.2,0.2,NA,0.2,NA,0.2,NA,0.2
Callistemon sieberi,TRUE,TRUE,NA,4,1--5,4,4,0.2,0.2,NA,1,0.2,0.2,1,0.341995189
Callistemon viminalis,TRUE,TRUE,NA,NA,NA,NA,NA,0.2,0.2,NA,NA,NA,NA,NA,0.2
Callitris columellaris,FALSE,TRUE,NA,NA,5--20,NA,NA,1,0.2,NA,NA,1,NA,NA,0.584803548
Callitris endlicheri,FALSE,TRUE,NA,NA,5--20,7,NA,1,0.2,NA,NA,1,1,NA,0.668740305
Callitris preissii,FALSE,NA,NA,NA,5--20,NA,NA,1,NA,NA,NA,1,NA,NA,1
Callitris rhomboidea,FALSE,TRUE,NA,NA,5--20,5,NA,1,0.2,NA,NA,1,0.2,NA,0.447213595
Callitris verrucosa,FALSE,TRUE,NA,NA,5--20,NA,NA,1,0.2,NA,NA,1,NA,NA,0.584803548
Calophyllum inophyllum,TRUE,NA,NA,NA,10--,NA,NA,0.2,NA,NA,NA,1,NA,NA,0.447213595
Calophyllum soulattri,TRUE,NA,NA,NA,10--,NA,NA,0.2,NA,NA,NA,1,NA,NA,0.447213595
Calothamnus blepharospermus,TRUE,NA,NA,NA,NA,NA,NA,0.2,NA,NA,NA,NA,NA,NA,0.2
Calothamnus quadrifidus,TRUE,TRUE,NA,NA,NA,NA,NA,0.2,0.2,NA,NA,NA,NA,NA,0.2
Calothamnus villosus,TRUE,NA,NA,NA,NA,NA,NA,0.2,NA,NA,NA,NA,NA,NA,0.2
Calotis multicaulis,FALSE,NA,NA,NA,0--1,NA,NA,1,NA,NA,NA,0.2,NA,NA,0.447213595
Calytrix brownii,TRUE,TRUE,NA,NA,4--5,NA,NA,0.2,0.2,NA,NA,0.2,NA,NA,0.2
Calytrix tetragona,TRUE,TRUE,NA,NA,1--5,2.693798,NA,0.2,0.2,NA,NA,0.2,0.2,NA,0.2
Canavalia rosea,FALSE,NA,NA,NA,NA,NA,NA,1,NA,NA,NA,NA,NA,NA,1
Cajanus reticulatus,FALSE,NA,NA,NA,1,NA,NA,1,NA,NA,NA,0.2,NA,NA,0.447213595
Psydrax odorata,TRUE,FALSE,NA,NA,5--20,NA,NA,0.2,1,NA,NA,1,NA,NA,0.584803548
Capparis mitchellii,TRUE,FALSE,NA,NA,10--,NA,NA,0.2,1,NA,NA,1,NA,NA,0.584803548
Cardwellia sublimis,TRUE,NA,NA,NA,10--20,NA,NA,0.2,NA,NA,NA,1,NA,NA,0.447213595
Senna circinnata,FALSE,NA,NA,NA,1--5,NA,NA,1,NA,NA,NA,0.2,NA,NA,0.447213595
Senna artemisioides subsp. x coriacea,TRUE,TRUE,NA,NA,2--3,NA,NA,0.2,0.2,NA,NA,0.2,NA,NA,0.2
Cassinia aculeata,FALSE,TRUE,NA,NA,1--5,2.635659,NA,1,0.2,NA,NA,0.2,0.2,NA,0.299069756
Cassinia aureonitens,FALSE,NA,NA,NA,NA,NA,NA,1,NA,NA,NA,NA,NA,NA,1
Cassinia compacta,FALSE,FALSE,NA,NA,NA,5,NA,1,1,NA,NA,NA,0.2,NA,0.584803548
Cassinia trinerva,TRUE,NA,NA,NA,1--5,NA,NA,0.2,NA,NA,NA,0.2,NA,NA,0.2
Cassinia uncata,FALSE,TRUE,NA,NA,NA,NA,NA,1,0.2,NA,NA,NA,NA,NA,0.447213595
Casuarina cristata,FALSE,FALSE,NA,NA,5--20,NA,NA,1,1,NA,NA,1,NA,NA,1
Casuarina cunninghamiana,TRUE,TRUE,NA,NA,NA,NA,NA,0.2,0.2,NA,NA,NA,NA,NA,0.2
Casuarina cunninghamiana subsp. cunninghamiana,TRUE,FALSE,NA,NA,5--20,3,NA,0.2,1,NA,NA,1,0.2,NA,0.447213595
Casuarina equisetifolia,FALSE,NA,NA,NA,6--10,NA,NA,1,NA,NA,NA,1,NA,NA,1
Casuarina glauca,TRUE,FALSE,NA,NA,5--20,NA,NA,0.2,1,NA,NA,1,NA,NA,0.584803548
Casuarina obesa,TRUE,NA,NA,NA,5--20,NA,NA,0.2,NA,NA,NA,1,NA,NA,0.447213595
Casuarina pauper,FALSE,NA,NA,NA,5--20,NA,NA,1,NA,NA,NA,1,NA,NA,1
Celmisia costiniana,TRUE,NA,NA,NA,1--5,NA,NA,0.2,NA,NA,NA,0.2,NA,NA,0.2
Celmisia longifolia,TRUE,NA,NA,NA,1--5,NA,NA,0.2,NA,NA,NA,0.2,NA,NA,0.2
Ceratopetalum apetalum,TRUE,FALSE,NA,NA,5--20,NA,NA,0.2,1,NA,NA,1,NA,NA,0.584803548
Ceratopetalum gummiferum,TRUE,FALSE,NA,NA,5--20,1,0.968992248,0.2,1,NA,NA,1,0.2,0.2,0.380730788
Chamaecytisus palmensis,FALSE,TRUE,NA,NA,NA,NA,NA,1,0.2,NA,NA,NA,NA,NA,0.447213595
Chamelaucium uncinatum,TRUE,TRUE,NA,NA,NA,NA,NA,0.2,0.2,NA,NA,NA,NA,NA,0.2
Choretrum glomeratum,TRUE,NA,NA,NA,5--20,NA,NA,0.2,NA,NA,NA,1,NA,NA,0.447213595
Choretrum spicatum,TRUE,NA,NA,NA,5--20,NA,NA,0.2,NA,NA,NA,1,NA,NA,0.447213595
Chrysopogon fallax,TRUE,NA,NA,NA,1--5,NA,NA,0.2,NA,NA,NA,0.2,NA,NA,0.2
Claoxylon australe,TRUE,FALSE,NA,NA,5--20,NA,NA,0.2,1,NA,NA,1,NA,NA,0.584803548
Clerodendrum floribundum,TRUE,TRUE,NA,NA,2--3,NA,NA,0.2,0.2,NA,NA,0.2,NA,NA,0.2
Conospermum taxifolium,TRUE,TRUE,NA,NA,5--20,4,NA,0.2,0.2,NA,NA,1,0.2,NA,0.299069756
Correa alba,FALSE,TRUE,NA,NA,5--20,NA,NA,1,0.2,NA,NA,1,NA,NA,0.584803548
Corymbia gummifera,TRUE,TRUE,NA,3,5--20,3,3.023255814,0.2,0.2,NA,0.2,1,0.2,1,0.341995189
Corymbia intermedia,TRUE,TRUE,NA,NA,NA,5,NA,0.2,0.2,NA,NA,NA,0.2,NA,0.2
Corymbia polycarpa,TRUE,FALSE,NA,NA,10--,NA,NA,0.2,1,NA,NA,1,NA,NA,0.584803548
Corymbia terminalis,TRUE,FALSE,NA,NA,10--,NA,NA,0.2,1,NA,NA,1,NA,NA,0.584803548
Corymbia tessellaris,TRUE,FALSE,NA,NA,5--20,NA,NA,0.2,1,NA,NA,1,NA,NA,0.584803548
Corymbia torelliana,TRUE,NA,NA,NA,NA,NA,NA,0.2,NA,NA,NA,NA,NA,NA,0.2
Craspedia alba,TRUE,TRUE,NA,NA,1--5,NA,NA,0.2,0.2,NA,NA,0.2,NA,NA,0.2
Craspedia costiniana,TRUE,NA,NA,NA,1--5,NA,NA,0.2,NA,NA,NA,0.2,NA,NA,0.2
Craspedia aurantia var. jamesii,TRUE,TRUE,NA,NA,1--5,1,NA,0.2,0.2,NA,NA,0.2,0.2,NA,0.2
Craspedia lamicola,TRUE,NA,NA,NA,1--5,NA,NA,0.2,NA,NA,NA,0.2,NA,NA,0.2
Craspedia maxgrayi,TRUE,NA,NA,NA,1--5,NA,NA,0.2,NA,NA,NA,0.2,NA,NA,0.2
Crataegus monogyna,NA,TRUE,NA,NA,NA,NA,NA,NA,0.2,NA,NA,NA,NA,NA,0.2
Arctotheca calendula,FALSE,TRUE,1,NA,NA,NA,NA,1,0.2,0.2,NA,NA,NA,NA,0.341995189
Cyclophyllum multiflorum,TRUE,NA,NA,NA,NA,NA,NA,0.2,NA,NA,NA,NA,NA,NA,0.2
Cymbidium canaliculatum,TRUE,NA,NA,NA,5--20,NA,NA,0.2,NA,NA,NA,1,NA,NA,0.447213595
Cymbidium suave,TRUE,NA,NA,NA,5--20,NA,1.782945736,0.2,NA,NA,NA,1,NA,0.2,0.341995189
Darlingia darlingiana,TRUE,NA,NA,NA,5--10,NA,NA,0.2,NA,NA,NA,1,NA,NA,0.447213595
Davidsonia pruriens,TRUE,NA,NA,NA,5--10,NA,NA,0.2,NA,NA,NA,1,NA,NA,0.447213595
Daviesia corymbosa,TRUE,TRUE,NA,NA,5--20,NA,NA,0.2,0.2,NA,NA,1,NA,NA,0.341995189
Daviesia leptophylla,TRUE,TRUE,NA,NA,5--20,NA,NA,0.2,0.2,NA,NA,1,NA,NA,0.341995189
Daviesia divaricata,TRUE,TRUE,NA,NA,NA,NA,NA,0.2,0.2,NA,NA,NA,NA,NA,0.2
Daviesia latifolia,TRUE,TRUE,NA,NA,5--20,4,2,0.2,0.2,NA,NA,1,0.2,0.2,0.275945932
Daviesia mimosoides,TRUE,TRUE,NA,2,5--20,2,NA,0.2,0.2,NA,0.2,1,0.2,NA,0.275945932
Daviesia polyphylla,TRUE,NA,NA,NA,NA,NA,NA,0.2,NA,NA,NA,NA,NA,NA,0.2
Daviesia squarrosa,TRUE,NA,NA,NA,5--20,NA,NA,0.2,NA,NA,NA,1,NA,NA,0.447213595
Daviesia umbellulata,TRUE,TRUE,NA,NA,NA,4,NA,0.2,0.2,NA,NA,NA,0.2,NA,0.2
Dendrobium speciosum,TRUE,NA,NA,NA,5--20,NA,NA,0.2,NA,NA,NA,1,NA,NA,0.447213595
Dendrobium speciosum subsp. grandiflorum,FALSE,NA,NA,NA,5--20,NA,NA,1,NA,NA,NA,1,NA,NA,1
Dendrobium speciosum subsp. hillii,FALSE,NA,NA,NA,5--20,NA,NA,1,NA,NA,NA,1,NA,NA,1
Dillwynia brunioides,FALSE,TRUE,NA,NA,NA,7,NA,1,0.2,NA,NA,NA,1,NA,0.584803548
Dillwynia floribunda,FALSE,TRUE,NA,NA,NA,1.744186,NA,1,0.2,NA,NA,NA,0.2,NA,0.341995189
Dillwynia glaberrima,TRUE,TRUE,NA,2,5--20,5,NA,0.2,0.2,NA,0.2,1,0.2,NA,0.275945932
Dillwynia retorta,FALSE,TRUE,NA,NA,5--20,1.647287,NA,1,0.2,NA,NA,1,0.2,NA,0.447213595
Dillwynia sericea,TRUE,TRUE,NA,2,5--20,NA,NA,0.2,0.2,NA,0.2,1,NA,NA,0.299069756
Dodonaea triquetra,TRUE,TRUE,3,NA,5--20,1.22093,NA,0.2,0.2,0.2,NA,1,0.2,NA,0.275945932
Dodonaea viscosa,TRUE,TRUE,4,NA,4--5,3,NA,0.2,0.2,0.2,NA,0.2,0.2,NA,0.2
Doryphora sassafras,TRUE,FALSE,NA,NA,5--20,NA,NA,0.2,1,NA,NA,1,NA,NA,0.584803548
Drosera auriculata,TRUE,TRUE,NA,NA,1--5,1,0.2,0.2,0.2,NA,NA,0.2,0.2,0.2,0.2
Drosera binata,TRUE,NA,NA,0.1,1--5,1,0.329457364,0.2,NA,NA,0.2,0.2,0.2,0.2,0.2
Drosera peltata,TRUE,TRUE,NA,NA,1--5,1,0.3,0.2,0.2,NA,NA,0.2,0.2,0.2,0.2
Drosera whittakeri,TRUE,NA,NA,NA,1--5,NA,NA,0.2,NA,NA,NA,0.2,NA,NA,0.2
Banksia cirsioides,FALSE,NA,6,NA,NA,NA,NA,1,NA,1,NA,NA,NA,NA,1
Drypetes deplanchei,TRUE,TRUE,NA,NA,6--10,NA,NA,0.2,0.2,NA,NA,1,NA,NA,0.341995189
Ecdeiocolea monostachya,TRUE,NA,NA,NA,NA,NA,NA,0.2,NA,NA,NA,NA,NA,NA,0.2
Elaeocarpus angustifolius,TRUE,NA,NA,NA,10--,NA,NA,0.2,NA,NA,NA,1,NA,NA,0.447213595
Elaeodendron australe,TRUE,FALSE,NA,NA,5--20,NA,NA,0.2,1,NA,NA,1,NA,NA,0.584803548
Epacris gunnii,TRUE,TRUE,NA,2,1--5,2,2,0.2,0.2,NA,0.2,0.2,0.2,0.2,0.2
Epacris microphylla,TRUE,TRUE,NA,NA,1--5,1.666667,NA,0.2,0.2,NA,NA,0.2,0.2,NA,0.2
Epacris obtusifolia,FALSE,TRUE,NA,NA,1--5,3,NA,1,0.2,NA,NA,0.2,0.2,NA,0.299069756
Epacris paludosa,TRUE,FALSE,5,1,1--5,1,NA,0.2,1,0.2,0.2,0.2,0.2,NA,0.261532097
Epacris petrophila,FALSE,FALSE,NA,NA,1--5,NA,NA,1,1,NA,NA,0.2,NA,NA,0.584803548
Epilobium gunnianum,TRUE,TRUE,NA,NA,0--1,1,NA,0.2,0.2,NA,NA,0.2,0.2,NA,0.2
Eremaea pauciflora var. pauciflora,TRUE,NA,NA,NA,NA,NA,NA,0.2,NA,NA,NA,NA,NA,NA,0.2
Eremophila alternifolia,FALSE,NA,NA,NA,4--5,NA,NA,1,NA,NA,NA,0.2,NA,NA,0.447213595
Eremophila bignoniiflora,TRUE,NA,NA,NA,1--5,NA,NA,0.2,NA,NA,NA,0.2,NA,NA,0.2
Eremophila drummondii,NA,TRUE,NA,NA,NA,NA,NA,NA,0.2,NA,NA,NA,NA,NA,0.2
Eremophila freelingii,TRUE,FALSE,NA,NA,4--5,NA,NA,0.2,1,NA,NA,0.2,NA,NA,0.341995189
Eremophila gilesii,TRUE,TRUE,NA,NA,1--5,NA,NA,0.2,0.2,NA,NA,0.2,NA,NA,0.2
Eremophila glabra,TRUE,TRUE,NA,NA,1--5,NA,NA,0.2,0.2,NA,NA,0.2,NA,NA,0.2
Eremophila ionantha,NA,TRUE,NA,NA,NA,NA,NA,NA,0.2,NA,NA,NA,NA,NA,0.2
Eremophila latrobei,TRUE,FALSE,NA,NA,4--5,NA,NA,0.2,1,NA,NA,0.2,NA,NA,0.341995189
Eremophila longifolia,TRUE,FALSE,NA,NA,4--5,NA,NA,0.2,1,NA,NA,0.2,NA,NA,0.341995189
Eremophila maculata,FALSE,FALSE,NA,NA,NA,NA,NA,1,1,NA,NA,NA,NA,NA,1
Eremophila oppositifolia subsp. angustifolia,NA,TRUE,NA,NA,NA,NA,NA,NA,0.2,NA,NA,NA,NA,NA,0.2
Eremophila polyclada,FALSE,FALSE,NA,NA,6--10,NA,NA,1,1,NA,NA,1,NA,NA,1
Eremophila scoparia,TRUE,TRUE,NA,NA,1--5,NA,NA,0.2,0.2,NA,NA,0.2,NA,NA,0.2
Eremophila serrulata,TRUE,NA,NA,NA,1--5,NA,NA,0.2,NA,NA,NA,0.2,NA,NA,0.2
Eremophila sturtii,TRUE,FALSE,NA,NA,4--5,NA,NA,0.2,1,NA,NA,0.2,NA,NA,0.341995189
Pappochroma paludicola,TRUE,NA,NA,NA,0--1,NA,NA,0.2,NA,NA,NA,0.2,NA,NA,0.2
Pappochroma setosum,TRUE,NA,NA,NA,1--5,NA,NA,0.2,NA,NA,NA,0.2,NA,NA,0.2
Eriostemon australasius,FALSE,TRUE,NA,NA,5--20,4,NA,1,0.2,NA,NA,1,0.2,NA,0.447213595
Philotheca linearis,FALSE,NA,NA,NA,5--20,NA,NA,1,NA,NA,NA,1,NA,NA,1
Erythrophleum chlorostachys,TRUE,TRUE,NA,NA,10--,NA,NA,0.2,0.2,NA,NA,1,NA,NA,0.341995189
Eucalyptus calycogona,TRUE,TRUE,NA,NA,5--20,NA,NA,0.2,0.2,NA,NA,1,NA,NA,0.341995189
Eucalyptus acmenoides,TRUE,TRUE,NA,NA,NA,NA,NA,0.2,0.2,NA,NA,NA,NA,NA,0.2
Eucalyptus agglomerata,TRUE,TRUE,NA,NA,5--20,NA,NA,0.2,0.2,NA,NA,1,NA,NA,0.341995189
Eucalyptus alba,TRUE,FALSE,NA,NA,NA,NA,NA,0.2,1,NA,NA,NA,NA,NA,0.447213595
Eucalyptus albens,TRUE,TRUE,NA,NA,5--20,NA,NA,0.2,0.2,NA,NA,1,NA,NA,0.341995189
Eucalyptus amplifolia,TRUE,NA,NA,NA,5--20,NA,NA,0.2,NA,NA,NA,1,NA,NA,0.447213595
Eucalyptus amygdalina,TRUE,NA,NA,NA,NA,NA,NA,0.2,NA,NA,NA,NA,NA,NA,0.2
Eucalyptus andrewsii,TRUE,TRUE,NA,NA,NA,NA,NA,0.2,0.2,NA,NA,NA,NA,NA,0.2
Eucalyptus angulosa,TRUE,NA,NA,NA,NA,NA,NA,0.2,NA,NA,NA,NA,NA,NA,0.2
Eucalyptus annulata,TRUE,NA,NA,NA,NA,NA,NA,0.2,NA,NA,NA,NA,NA,NA,0.2
Eucalyptus argillacea,TRUE,NA,NA,NA,NA,NA,NA,0.2,NA,NA,NA,NA,NA,NA,0.2
Eucalyptus argophloia,TRUE,NA,NA,NA,NA,NA,NA,0.2,NA,NA,NA,NA,NA,NA,0.2
Eucalyptus aromaphloia,TRUE,NA,NA,NA,5--20,NA,NA,0.2,NA,NA,NA,1,NA,NA,0.447213595
Eucalyptus baileyana,TRUE,TRUE,NA,NA,NA,NA,NA,0.2,0.2,NA,NA,NA,NA,NA,0.2
Eucalyptus bakeri,TRUE,NA,NA,NA,5--20,NA,NA,0.2,NA,NA,NA,1,NA,NA,0.447213595
Eucalyptus baxteri,TRUE,TRUE,NA,2,5--20,2,NA,0.2,0.2,NA,0.2,1,0.2,NA,0.275945932
Eucalyptus bigalerita,TRUE,FALSE,NA,NA,10--,NA,NA,0.2,1,NA,NA,1,NA,NA,0.584803548
Eucalyptus blakelyi,TRUE,TRUE,NA,NA,5--20,NA,NA,0.2,0.2,NA,NA,1,NA,NA,0.341995189
Eucalyptus botryoides,TRUE,TRUE,NA,NA,5--20,5,NA,0.2,0.2,NA,NA,1,0.2,NA,0.299069756
Eucalyptus bosistoana,TRUE,NA,NA,NA,5--20,NA,NA,0.2,NA,NA,NA,1,NA,NA,0.447213595
Eucalyptus brachyandra,TRUE,FALSE,NA,NA,10--,NA,NA,0.2,1,NA,NA,1,NA,NA,0.584803548
Eucalyptus brachycalyx,TRUE,NA,NA,NA,5--20,NA,NA,0.2,NA,NA,NA,1,NA,NA,0.447213595
Eucalyptus brassiana,TRUE,NA,NA,NA,NA,NA,NA,0.2,NA,NA,NA,NA,NA,NA,0.2
Eucalyptus brevifolia,TRUE,FALSE,NA,NA,10--,NA,NA,0.2,1,NA,NA,1,NA,NA,0.584803548
Eucalyptus bridgesiana,TRUE,TRUE,NA,NA,5--20,NA,NA,0.2,0.2,NA,NA,1,NA,NA,0.341995189
Eucalyptus burgessiana,TRUE,NA,NA,NA,NA,NA,NA,0.2,NA,NA,NA,NA,NA,NA,0.2
Eucalyptus porosa,TRUE,TRUE,NA,NA,5--20,NA,NA,0.2,0.2,NA,NA,1,NA,NA,0.341995189
Eucalyptus caleyi,TRUE,TRUE,NA,NA,5--20,NA,NA,0.2,0.2,NA,NA,1,NA,NA,0.341995189
Eucalyptus caliginosa,TRUE,TRUE,NA,NA,NA,NA,NA,0.2,0.2,NA,NA,NA,NA,NA,0.2
Corymbia calophylla,TRUE,TRUE,NA,NA,NA,NA,NA,0.2,0.2,NA,NA,NA,NA,NA,0.2
Eucalyptus camaldulensis,TRUE,TRUE,NA,NA,5--20,NA,NA,0.2,0.2,NA,NA,1,NA,NA,0.341995189
Eucalyptus cambageana,TRUE,FALSE,NA,NA,NA,NA,NA,0.2,1,NA,NA,NA,NA,NA,0.447213595
Eucalyptus camfieldii,TRUE,NA,NA,NA,NA,NA,NA,0.2,NA,NA,NA,NA,NA,NA,0.2
Eucalyptus campaspe,FALSE,NA,NA,NA,NA,NA,NA,1,NA,NA,NA,NA,NA,NA,1
Eucalyptus capitellata,TRUE,NA,NA,NA,NA,NA,NA,0.2,NA,NA,NA,NA,NA,NA,0.2
Eucalyptus cephalocarpa,TRUE,NA,NA,NA,5--20,NA,NA,0.2,NA,NA,NA,1,NA,NA,0.447213595
Eucalyptus cinerea,TRUE,NA,NA,NA,NA,NA,NA,0.2,NA,NA,NA,NA,NA,NA,0.2
Corymbia citriodora,TRUE,TRUE,NA,NA,NA,NA,NA,0.2,0.2,NA,NA,NA,NA,NA,0.2
Eucalyptus cladocalyx,TRUE,TRUE,NA,NA,NA,NA,NA,0.2,0.2,NA,NA,NA,NA,NA,0.2
Eucalyptus cloeziana,TRUE,NA,NA,NA,NA,NA,NA,0.2,NA,NA,NA,NA,NA,NA,0.2
Eucalyptus cneorifolia,TRUE,NA,NA,NA,5--20,NA,NA,0.2,NA,NA,NA,1,NA,NA,0.447213595
Eucalyptus coccifera,TRUE,NA,NA,NA,5--20,NA,NA,0.2,NA,NA,NA,1,NA,NA,0.447213595
Eucalyptus conglobata,TRUE,NA,NA,NA,NA,NA,NA,0.2,NA,NA,NA,NA,NA,NA,0.2
Eucalyptus conglomerata,TRUE,NA,NA,NA,NA,NA,NA,0.2,NA,NA,NA,NA,NA,NA,0.2
Eucalyptus cornuta,TRUE,NA,NA,NA,NA,NA,NA,0.2,NA,NA,NA,NA,NA,NA,0.2
Eucalyptus cosmophylla,TRUE,NA,NA,NA,5--20,NA,NA,0.2,NA,NA,NA,1,NA,NA,0.447213595
Eucalyptus crebra,TRUE,TRUE,NA,NA,5--20,NA,NA,0.2,0.2,NA,NA,1,NA,NA,0.341995189
Eucalyptus cunninghamii,TRUE,NA,NA,NA,NA,NA,NA,0.2,NA,NA,NA,NA,NA,NA,0.2
Eucalyptus curtisii,TRUE,NA,NA,NA,NA,NA,NA,0.2,NA,NA,NA,NA,NA,NA,0.2
Eucalyptus cylindriflora,TRUE,NA,NA,NA,NA,NA,NA,0.2,NA,NA,NA,NA,NA,NA,0.2
Eucalyptus cypellocarpa,TRUE,TRUE,NA,NA,5--20,5,3,0.2,0.2,NA,NA,1,0.2,0.2,0.275945932
Eucalyptus dalrympleana,TRUE,TRUE,NA,NA,5--20,NA,NA,0.2,0.2,NA,NA,1,NA,NA,0.341995189
Eucalyptus dealbata,TRUE,TRUE,NA,NA,5--20,NA,NA,0.2,0.2,NA,NA,1,NA,NA,0.341995189
Eucalyptus deanei,TRUE,TRUE,NA,NA,5--20,NA,NA,0.2,0.2,NA,NA,1,NA,NA,0.341995189
Eucalyptus decipiens,TRUE,NA,NA,NA,NA,NA,NA,0.2,NA,NA,NA,NA,NA,NA,0.2
Eucalyptus delegatensis,TRUE,TRUE,NA,NA,5--20,NA,NA,0.2,0.2,NA,NA,1,NA,NA,0.341995189
Corymbia dichromophloia,TRUE,FALSE,NA,NA,10--,NA,NA,0.2,1,NA,NA,1,NA,NA,0.584803548
Eucalyptus diversicolor,TRUE,NA,NA,NA,NA,NA,NA,0.2,NA,NA,NA,NA,NA,NA,0.2
Eucalyptus diversifolia,TRUE,NA,NA,NA,5--20,NA,NA,0.2,NA,NA,NA,1,NA,NA,0.447213595
Eucalyptus dives,TRUE,TRUE,NA,2,5--20,2,NA,0.2,0.2,NA,0.2,1,0.2,NA,0.275945932
Eucalyptus obtusiflora subsp. dongarraensis,TRUE,NA,NA,NA,NA,NA,NA,0.2,NA,NA,NA,NA,NA,NA,0.2
Eucalyptus dumosa,TRUE,TRUE,NA,5,5--20,5,NA,0.2,0.2,NA,1,1,0.2,NA,0.380730788
Eucalyptus dundasii,FALSE,NA,NA,NA,NA,NA,NA,1,NA,NA,NA,NA,NA,NA,1
Eucalyptus dunnii,TRUE,NA,NA,NA,NA,NA,NA,0.2,NA,NA,NA,NA,NA,NA,0.2
Eucalyptus dwyeri,NA,NA,NA,NA,5--20,NA,NA,NA,NA,NA,NA,1,NA,NA,1
Eucalyptus elata,TRUE,NA,NA,NA,5--20,NA,NA,0.2,NA,NA,NA,1,NA,NA,0.447213595
Eucalyptus eudesmioides,TRUE,NA,NA,NA,NA,NA,NA,0.2,NA,NA,NA,NA,NA,NA,0.2
Eucalyptus eugenioides,TRUE,TRUE,NA,NA,5--20,NA,NA,0.2,0.2,NA,NA,1,NA,NA,0.341995189
Eucalyptus exserta,TRUE,NA,NA,NA,5--20,NA,NA,0.2,NA,NA,NA,1,NA,NA,0.447213595
Eucalyptus fasciculosa,TRUE,NA,NA,NA,5--20,NA,NA,0.2,NA,NA,NA,1,NA,NA,0.447213595
Eucalyptus fibrosa,TRUE,TRUE,NA,NA,5--20,NA,NA,0.2,0.2,NA,NA,1,NA,NA,0.341995189
Corymbia confertiflora,TRUE,FALSE,NA,NA,NA,NA,NA,0.2,1,NA,NA,NA,NA,NA,0.447213595
Eucalyptus foecunda,TRUE,NA,NA,NA,5--20,NA,NA,0.2,NA,NA,NA,1,NA,NA,0.447213595
Eucalyptus forrestiana,TRUE,NA,NA,NA,NA,NA,NA,0.2,NA,NA,NA,NA,NA,NA,0.2
Eucalyptus gamophylla,TRUE,FALSE,NA,NA,10--,NA,NA,0.2,1,NA,NA,1,NA,NA,0.584803548
Eucalyptus globoidea,TRUE,TRUE,NA,NA,5--20,NA,NA,0.2,0.2,NA,NA,1,NA,NA,0.341995189
Eucalyptus globulus,TRUE,TRUE,NA,NA,5--20,NA,NA,0.2,0.2,NA,NA,1,NA,NA,0.341995189
Eucalyptus globulus subsp. bicostata,TRUE,TRUE,NA,7,5--20,7,NA,0.2,0.2,NA,1,1,1,NA,0.525305561
Eucalyptus gomphocephala,TRUE,TRUE,NA,NA,NA,NA,NA,0.2,0.2,NA,NA,NA,NA,NA,0.2
Eucalyptus gongylocarpa,TRUE,NA,NA,NA,10--,NA,NA,0.2,NA,NA,NA,1,NA,NA,0.447213595
Eucalyptus goniocalyx,TRUE,TRUE,NA,NA,5--20,NA,NA,0.2,0.2,NA,NA,1,NA,NA,0.341995189
Eucalyptus gracilis,TRUE,TRUE,NA,5,5--20,5,NA,0.2,0.2,NA,1,1,0.2,NA,0.380730788
Eucalyptus grandis,TRUE,TRUE,NA,NA,NA,NA,NA,0.2,0.2,NA,NA,NA,NA,NA,0.2
Eucalyptus griffithsii,TRUE,NA,NA,NA,NA,NA,NA,0.2,NA,NA,NA,NA,NA,NA,0.2
Eucalyptus haemastoma,TRUE,TRUE,NA,NA,5--20,3,2.69379845,0.2,0.2,NA,NA,1,0.2,0.2,0.275945932
Eucalyptus moluccana,TRUE,TRUE,NA,NA,5--20,NA,NA,0.2,0.2,NA,NA,1,NA,NA,0.341995189
Eucalyptus houseana,TRUE,NA,NA,NA,NA,NA,NA,0.2,NA,NA,NA,NA,NA,NA,0.2
Eucalyptus howittiana,TRUE,NA,NA,NA,NA,NA,NA,0.2,NA,NA,NA,NA,NA,NA,0.2
Eucalyptus incrassata,TRUE,TRUE,NA,5,5--20,5,NA,0.2,0.2,NA,1,1,0.2,NA,0.380730788
Eucalyptus intertexta,TRUE,FALSE,NA,NA,10--,NA,NA,0.2,1,NA,NA,1,NA,NA,0.584803548
Eucalyptus jacksonii,TRUE,NA,NA,NA,NA,NA,NA,0.2,NA,NA,NA,NA,NA,NA,0.2
Eucalyptus jensenii,TRUE,NA,NA,NA,10--,NA,NA,0.2,NA,NA,NA,1,NA,NA,0.447213595
Eucalyptus jutsonii,FALSE,NA,NA,NA,NA,NA,NA,1,NA,NA,NA,NA,NA,NA,1
Eucalyptus kitsoniana,TRUE,NA,NA,NA,5--20,NA,NA,0.2,NA,NA,NA,1,NA,NA,0.447213595
Eucalyptus largiflorens,TRUE,FALSE,NA,NA,5--20,NA,NA,0.2,1,NA,NA,1,NA,NA,0.584803548
Eucalyptus leptocalyx,TRUE,NA,NA,NA,NA,NA,NA,0.2,NA,NA,NA,NA,NA,NA,0.2
Eucalyptus leptophleba,TRUE,NA,NA,NA,NA,NA,NA,0.2,NA,NA,NA,NA,NA,NA,0.2
Eucalyptus leptopoda,TRUE,NA,NA,NA,NA,NA,NA,0.2,NA,NA,NA,NA,NA,NA,0.2
Eucalyptus lesouefii,FALSE,NA,NA,NA,NA,NA,NA,1,NA,NA,NA,NA,NA,NA,1
Eucalyptus leucoxylon,TRUE,TRUE,NA,NA,5--20,NA,NA,0.2,0.2,NA,NA,1,NA,NA,0.341995189
Eucalyptus longifolia,TRUE,NA,NA,NA,5--20,NA,NA,0.2,NA,NA,NA,1,NA,NA,0.447213595
Eucalyptus loxophleba,TRUE,NA,NA,NA,NA,NA,NA,0.2,NA,NA,NA,NA,NA,NA,0.2
Eucalyptus luehmanniana,TRUE,FALSE,NA,NA,NA,2,2,0.2,1,NA,NA,NA,0.2,0.2,0.299069756
Eucalyptus macarthurii,TRUE,NA,NA,NA,NA,NA,NA,0.2,NA,NA,NA,NA,NA,NA,0.2
Eucalyptus macrandra,TRUE,NA,NA,NA,NA,NA,NA,0.2,NA,NA,NA,NA,NA,NA,0.2
Eucalyptus macrorhyncha,TRUE,TRUE,NA,NA,5--20,NA,NA,0.2,0.2,NA,NA,1,NA,NA,0.341995189
Corymbia maculata,TRUE,TRUE,NA,NA,5--20,NA,NA,0.2,0.2,NA,NA,1,NA,NA,0.341995189
Eucalyptus major,TRUE,NA,NA,NA,NA,NA,NA,0.2,NA,NA,NA,NA,NA,NA,0.2
Eucalyptus mannifera subsp. mannifera,TRUE,TRUE,NA,NA,5--20,NA,NA,0.2,0.2,NA,NA,1,NA,NA,0.341995189
Eucalyptus marginata,TRUE,TRUE,NA,NA,NA,NA,NA,0.2,0.2,NA,NA,NA,NA,NA,0.2
Eucalyptus melanophloia,TRUE,TRUE,NA,NA,5--20,NA,NA,0.2,0.2,NA,NA,1,NA,NA,0.341995189
Eucalyptus melliodora,TRUE,TRUE,NA,NA,5--20,NA,NA,0.2,0.2,NA,NA,1,NA,NA,0.341995189
Eucalyptus microcarpa,TRUE,TRUE,NA,NA,5--20,NA,NA,0.2,0.2,NA,NA,1,NA,NA,0.341995189
Eucalyptus microcorys,TRUE,TRUE,NA,NA,NA,NA,NA,0.2,0.2,NA,NA,NA,NA,NA,0.2
Eucalyptus microneura,TRUE,NA,NA,NA,NA,NA,NA,0.2,NA,NA,NA,NA,NA,NA,0.2
Eucalyptus microtheca,TRUE,NA,NA,NA,10--,NA,NA,0.2,NA,NA,NA,1,NA,NA,0.447213595
Eucalyptus miniata,TRUE,TRUE,NA,NA,10--,NA,NA,0.2,0.2,NA,NA,1,NA,NA,0.341995189
Eucalyptus muelleriana,TRUE,NA,NA,NA,5--20,NA,NA,0.2,NA,NA,NA,1,NA,NA,0.447213595
Eucalyptus pauciflora subsp. niphophila,TRUE,TRUE,NA,NA,5--20,NA,NA,0.2,0.2,NA,NA,1,NA,NA,0.341995189
Eucalyptus nitens,FALSE,TRUE,NA,NA,5--20,6,NA,1,0.2,NA,NA,1,1,NA,0.668740305
Eucalyptus nitida,TRUE,NA,NA,NA,NA,NA,NA,0.2,NA,NA,NA,NA,NA,NA,0.2
Eucalyptus normantonensis,TRUE,FALSE,NA,NA,10--,NA,NA,0.2,1,NA,NA,1,NA,NA,0.584803548
Eucalyptus obliqua,TRUE,TRUE,NA,2,5--20,2,NA,0.2,0.2,NA,0.2,1,0.2,NA,0.275945932
Eucalyptus occidentalis,TRUE,NA,NA,NA,NA,NA,NA,0.2,NA,NA,NA,NA,NA,NA,0.2
Eucalyptus ochrophloia,TRUE,NA,NA,NA,5--20,NA,NA,0.2,NA,NA,NA,1,NA,NA,0.447213595
Eucalyptus odontocarpa,TRUE,FALSE,NA,NA,10--,NA,NA,0.2,1,NA,NA,1,NA,NA,0.584803548
Eucalyptus odorata,TRUE,TRUE,NA,NA,5--20,NA,NA,0.2,0.2,NA,NA,1,NA,NA,0.341995189
Eucalyptus oldfieldii,TRUE,NA,NA,NA,NA,NA,NA,0.2,NA,NA,NA,NA,NA,NA,0.2
Eucalyptus oleosa,TRUE,TRUE,NA,NA,5--20,NA,NA,0.2,0.2,NA,NA,1,NA,NA,0.341995189
Eucalyptus oligantha,TRUE,NA,NA,NA,NA,NA,NA,0.2,NA,NA,NA,NA,NA,NA,0.2
Eucalyptus orgadophila,TRUE,TRUE,NA,NA,NA,NA,NA,0.2,0.2,NA,NA,NA,NA,NA,0.2
Eucalyptus ovata,TRUE,NA,NA,NA,5--20,5,3,0.2,NA,NA,NA,1,0.2,0.2,0.299069756
Eucalyptus pachyphylla,TRUE,FALSE,NA,NA,10--,NA,NA,0.2,1,NA,NA,1,NA,NA,0.584803548
Eucalyptus panda,TRUE,NA,NA,NA,5--20,NA,NA,0.2,NA,NA,NA,1,NA,NA,0.447213595
Eucalyptus paniculata,TRUE,TRUE,NA,NA,5--20,NA,NA,0.2,0.2,NA,NA,1,NA,NA,0.341995189
Corymbia papuana,TRUE,NA,NA,NA,NA,NA,NA,0.2,NA,NA,NA,NA,NA,NA,0.2
Eucalyptus pauciflora,TRUE,TRUE,NA,NA,5--20,6,NA,0.2,0.2,NA,NA,1,1,NA,0.447213595
Eucalyptus phoenicea,TRUE,FALSE,NA,NA,10--,NA,NA,0.2,1,NA,NA,1,NA,NA,0.584803548
Eucalyptus pileata,TRUE,TRUE,NA,NA,NA,NA,NA,0.2,0.2,NA,NA,NA,NA,NA,0.2
Eucalyptus pilularis,TRUE,TRUE,NA,NA,5--20,5,4.031007752,0.2,0.2,NA,NA,1,0.2,1,0.380730788
Eucalyptus piperita,TRUE,TRUE,NA,NA,NA,NA,3.023255814,0.2,0.2,NA,NA,NA,NA,1,0.341995189
Eucalyptus planchoniana,TRUE,NA,NA,NA,NA,NA,NA,0.2,NA,NA,NA,NA,NA,NA,0.2
Eucalyptus platypus,TRUE,NA,NA,NA,NA,NA,NA,0.2,NA,NA,NA,NA,NA,NA,0.2
Eucalyptus utilis,FALSE,NA,NA,NA,NA,NA,NA,1,NA,NA,NA,NA,NA,NA,1
Eucalyptus polyanthemos,TRUE,NA,NA,NA,5--20,NA,NA,0.2,NA,NA,NA,1,NA,NA,0.447213595
Eucalyptus populnea,TRUE,FALSE,NA,NA,5--20,NA,NA,0.2,1,NA,NA,1,NA,NA,0.584803548
Eucalyptus propinqua,TRUE,TRUE,NA,NA,NA,NA,NA,0.2,0.2,NA,NA,NA,NA,NA,0.2
Eucalyptus pruinosa,TRUE,NA,NA,NA,10--,NA,NA,0.2,NA,NA,NA,1,NA,NA,0.447213595
Eucalyptus globulus subsp. pseudoglobulus,TRUE,TRUE,NA,7,5--20,7,NA,0.2,0.2,NA,1,1,1,NA,0.525305561
Eucalyptus pulchella,TRUE,NA,NA,NA,NA,NA,NA,0.2,NA,NA,NA,NA,NA,NA,0.2
Eucalyptus pulverulenta,TRUE,NA,NA,NA,5--20,NA,NA,0.2,NA,NA,NA,1,NA,NA,0.447213595
Eucalyptus punctata,TRUE,TRUE,NA,NA,NA,NA,NA,0.2,0.2,NA,NA,NA,NA,NA,0.2
Eucalyptus pyriformis,TRUE,NA,NA,NA,NA,NA,NA,0.2,NA,NA,NA,NA,NA,NA,0.2
Eucalyptus racemosa,TRUE,TRUE,NA,NA,5--20,NA,NA,0.2,0.2,NA,NA,1,NA,NA,0.341995189
Eucalyptus radiata,TRUE,TRUE,NA,NA,5--20,NA,NA,0.2,0.2,NA,NA,1,NA,NA,0.341995189
Eucalyptus radiata subsp. robertsonii,TRUE,TRUE,NA,NA,5--20,NA,NA,0.2,0.2,NA,NA,1,NA,NA,0.341995189
Eucalyptus raveretiana,TRUE,NA,NA,NA,NA,NA,NA,0.2,NA,NA,NA,NA,NA,NA,0.2
Eucalyptus redunca,TRUE,NA,NA,NA,NA,NA,NA,0.2,NA,NA,NA,NA,NA,NA,0.2
Eucalyptus regnans,TRUE,TRUE,NA,NA,5--20,NA,NA,0.2,0.2,NA,NA,1,NA,NA,0.341995189
Eucalyptus resinifera,TRUE,TRUE,NA,NA,NA,NA,3.682170543,0.2,0.2,NA,NA,NA,NA,1,0.341995189
Eucalyptus robusta,TRUE,NA,NA,NA,NA,NA,NA,0.2,NA,NA,NA,NA,NA,NA,0.2
Eucalyptus rodwayi,TRUE,NA,NA,NA,NA,NA,NA,0.2,NA,NA,NA,NA,NA,NA,0.2
Eucalyptus rossii,TRUE,TRUE,NA,NA,5--20,NA,NA,0.2,0.2,NA,NA,1,NA,NA,0.341995189
Eucalyptus camaldulensis subsp. camaldulensis,TRUE,NA,NA,NA,5--20,NA,NA,0.2,NA,NA,NA,1,NA,NA,0.447213595
Eucalyptus roycei,TRUE,NA,NA,NA,NA,NA,NA,0.2,NA,NA,NA,NA,NA,NA,0.2
Eucalyptus rubida,TRUE,NA,NA,NA,5--20,NA,NA,0.2,NA,NA,NA,1,NA,NA,0.447213595
Eucalyptus rudis,TRUE,TRUE,NA,NA,NA,NA,NA,0.2,0.2,NA,NA,NA,NA,NA,0.2
Eucalyptus saligna,TRUE,TRUE,NA,NA,NA,NA,NA,0.2,0.2,NA,NA,NA,NA,NA,0.2
Eucalyptus salmonophloia,TRUE,TRUE,NA,NA,NA,NA,NA,0.2,0.2,NA,NA,NA,NA,NA,0.2
Eucalyptus salubris,FALSE,TRUE,NA,NA,NA,NA,NA,1,0.2,NA,NA,NA,NA,NA,0.447213595
Eucalyptus seeana,TRUE,NA,NA,NA,NA,NA,NA,0.2,NA,NA,NA,NA,NA,NA,0.2
Eucalyptus sheathiana,TRUE,NA,NA,NA,NA,NA,NA,0.2,NA,NA,NA,NA,NA,NA,0.2
Eucalyptus siderophloia,TRUE,TRUE,NA,NA,NA,NA,NA,0.2,0.2,NA,NA,NA,NA,NA,0.2
Eucalyptus sideroxylon,TRUE,TRUE,NA,3,NA,3,NA,0.2,0.2,NA,0.2,NA,0.2,NA,0.2
Eucalyptus sieberi,TRUE,NA,NA,4,5--20,4,NA,0.2,NA,NA,1,1,0.2,NA,0.447213595
Eucalyptus similis,TRUE,NA,NA,NA,NA,NA,NA,0.2,NA,NA,NA,NA,NA,NA,0.2
Eucalyptus socialis,TRUE,TRUE,NA,5,5--20,5,NA,0.2,0.2,NA,1,1,0.2,NA,0.380730788
Eucalyptus sphaerocarpa,TRUE,NA,NA,NA,NA,NA,NA,0.2,NA,NA,NA,NA,NA,NA,0.2
Eucalyptus sporadica,TRUE,TRUE,NA,NA,NA,NA,NA,0.2,0.2,NA,NA,NA,NA,NA,0.2
Eucalyptus squamosa,TRUE,TRUE,NA,NA,NA,NA,NA,0.2,0.2,NA,NA,NA,NA,NA,0.2
Eucalyptus stellulata,TRUE,TRUE,NA,NA,5--20,NA,NA,0.2,0.2,NA,NA,1,NA,NA,0.341995189
Eucalyptus striaticalyx,FALSE,NA,NA,NA,NA,NA,NA,1,NA,NA,NA,NA,NA,NA,1
Eucalyptus stricta,TRUE,NA,NA,NA,5--20,NA,NA,0.2,NA,NA,NA,1,NA,NA,0.447213595
Eucalyptus tectifica,TRUE,FALSE,NA,NA,10--,NA,NA,0.2,1,NA,NA,1,NA,NA,0.584803548
Eucalyptus tenuipes,TRUE,NA,NA,NA,NA,NA,NA,0.2,NA,NA,NA,NA,NA,NA,0.2
Eucalyptus tenuiramis,TRUE,NA,NA,NA,NA,NA,NA,0.2,NA,NA,NA,NA,NA,NA,0.2
Eucalyptus tereticornis,TRUE,TRUE,NA,NA,NA,NA,NA,0.2,0.2,NA,NA,NA,NA,NA,0.2
Eucalyptus tetrodonta,TRUE,TRUE,NA,NA,10--,NA,NA,0.2,0.2,NA,NA,1,NA,NA,0.341995189
Eucalyptus tetraptera,TRUE,NA,NA,NA,NA,NA,NA,0.2,NA,NA,NA,NA,NA,NA,0.2
Eucalyptus thozetiana,TRUE,FALSE,NA,NA,10--,NA,NA,0.2,1,NA,NA,1,NA,NA,0.584803548
Eucalyptus tindaliae,TRUE,TRUE,NA,NA,NA,NA,NA,0.2,0.2,NA,NA,NA,NA,NA,0.2
Eucalyptus torquata,TRUE,NA,NA,NA,NA,NA,NA,0.2,NA,NA,NA,NA,NA,NA,0.2
Corymbia trachyphloia,TRUE,TRUE,NA,NA,5--20,NA,NA,0.2,0.2,NA,NA,1,NA,NA,0.341995189
Eucalyptus transcontinentalis,FALSE,NA,NA,NA,NA,NA,NA,1,NA,NA,NA,NA,NA,NA,1
Eucalyptus umbra,TRUE,NA,NA,NA,NA,NA,NA,0.2,NA,NA,NA,NA,NA,NA,0.2
Eucalyptus uncinata,TRUE,TRUE,NA,NA,NA,NA,NA,0.2,0.2,NA,NA,NA,NA,NA,0.2
Eucalyptus viminalis,TRUE,TRUE,NA,NA,5--20,5,3,0.2,0.2,NA,NA,1,0.2,0.2,0.275945932
Eucalyptus viminalis subsp. viminalis,NA,NA,NA,NA,5--20,NA,NA,NA,NA,NA,NA,1,NA,NA,1
Eucalyptus wandoo,TRUE,NA,NA,NA,NA,NA,NA,0.2,NA,NA,NA,NA,NA,NA,0.2
Eucalyptus willisii,TRUE,NA,NA,NA,5--20,NA,NA,0.2,NA,NA,NA,1,NA,NA,0.447213595
Eucalyptus woollsiana,TRUE,NA,NA,NA,5--20,NA,NA,0.2,NA,NA,NA,1,NA,NA,0.447213595
Argyrotegium mackayi,TRUE,NA,NA,NA,1--5,NA,NA,0.2,NA,NA,NA,0.2,NA,NA,0.2
Euphrasia collina subsp. diversicolor,TRUE,NA,NA,NA,1--5,NA,NA,0.2,NA,NA,NA,0.2,NA,NA,0.2
Euphrasia crassiuscula,TRUE,NA,NA,NA,1--5,NA,NA,0.2,NA,NA,NA,0.2,NA,NA,0.2
Euroschinus falcata,TRUE,TRUE,NA,NA,NA,NA,NA,0.2,0.2,NA,NA,NA,NA,NA,0.2
Ewartia nubigena,TRUE,FALSE,NA,NA,1--5,NA,NA,0.2,1,NA,NA,0.2,NA,NA,0.341995189
Exocarpos cupressiformis,TRUE,TRUE,NA,NA,5--20,5,1.182170543,0.2,0.2,NA,NA,1,0.2,0.2,0.275945932
Ficus benjamina,TRUE,NA,NA,NA,6--10,NA,NA,0.2,NA,NA,NA,1,NA,NA,0.447213595
Ficus macrophylla,TRUE,NA,NA,NA,5--20,NA,NA,0.2,NA,NA,NA,1,NA,NA,0.447213595
Ficus opposita,TRUE,FALSE,NA,NA,NA,NA,NA,0.2,1,NA,NA,NA,NA,NA,0.447213595
Ficus rubiginosa,TRUE,TRUE,NA,2.7,5--20,3,2.713178295,0.2,0.2,NA,0.2,1,0.2,0.2,0.261532097
Ficus watkinsiana,TRUE,NA,NA,NA,NA,NA,NA,0.2,NA,NA,NA,NA,NA,NA,0.2
Flindersia brayleyana,TRUE,NA,NA,NA,0--5,NA,NA,0.2,NA,NA,NA,0.2,NA,NA,0.2
Flindersia maculosa,TRUE,FALSE,NA,NA,5--20,NA,NA,0.2,1,NA,NA,1,NA,NA,0.584803548
Gahnia erythrocarpa,TRUE,NA,NA,NA,NA,3,1.763565891,0.2,NA,NA,NA,NA,0.2,0.2,0.2
Gahnia lanigera,TRUE,TRUE,NA,NA,5--20,NA,NA,0.2,0.2,NA,NA,1,NA,NA,0.341995189
Gahnia sieberiana,TRUE,TRUE,NA,2,5--20,2,NA,0.2,0.2,NA,0.2,1,0.2,NA,0.275945932
Gastrolobium grandiflorum,TRUE,NA,NA,NA,2--3,NA,NA,0.2,NA,NA,NA,0.2,NA,NA,0.2
Gastrolobium spinosum,FALSE,TRUE,3,NA,NA,NA,NA,1,0.2,0.2,NA,NA,NA,NA,0.341995189
Geijera parviflora,TRUE,FALSE,NA,NA,5--20,NA,NA,0.2,1,NA,NA,1,NA,NA,0.584803548
Gentianella diemensis,FALSE,NA,NA,NA,1--5,NA,NA,1,NA,NA,NA,0.2,NA,NA,0.447213595
Gentianella muelleriana,FALSE,TRUE,NA,NA,1--5,NA,NA,1,0.2,NA,NA,0.2,NA,NA,0.341995189
Glischrocaryon roei,TRUE,NA,NA,NA,NA,NA,NA,0.2,NA,NA,NA,NA,NA,NA,0.2
Goodenia paniculata,TRUE,NA,NA,0.5,0--1,1,NA,0.2,NA,NA,0.2,0.2,0.2,NA,0.2
Grevillea australis,FALSE,TRUE,NA,NA,5--20,10,NA,1,0.2,NA,NA,1,1,NA,0.668740305
Grevillea buxifolia,FALSE,FALSE,NA,NA,NA,1.666667,NA,1,1,NA,NA,NA,0.2,NA,0.584803548
Grevillea eriostachya,TRUE,TRUE,NA,NA,4--5,NA,NA,0.2,0.2,NA,NA,0.2,NA,NA,0.2
Grevillea juncifolia,TRUE,TRUE,NA,NA,5--20,NA,NA,0.2,0.2,NA,NA,1,NA,NA,0.341995189
Grevillea lanigera,TRUE,FALSE,NA,NA,5--20,NA,NA,0.2,1,NA,NA,1,NA,NA,0.584803548
Grevillea nematophylla,TRUE,TRUE,NA,NA,NA,NA,NA,0.2,0.2,NA,NA,NA,NA,NA,0.2
Grevillea petrophiloides,FALSE,NA,NA,NA,NA,NA,NA,1,NA,NA,NA,NA,NA,NA,1
Grevillea pinaster,TRUE,NA,NA,NA,NA,NA,NA,0.2,NA,NA,NA,NA,NA,NA,0.2
Grevillea pterosperma,FALSE,TRUE,NA,NA,6--10,NA,NA,1,0.2,NA,NA,1,NA,NA,0.584803548
Guioa lasioneura,TRUE,TRUE,NA,NA,5--10,NA,NA,0.2,0.2,NA,NA,1,NA,NA,0.341995189
Guioa semiglauca,TRUE,FALSE,NA,NA,NA,NA,NA,0.2,1,NA,NA,NA,NA,NA,0.447213595
Hakea erinacea,FALSE,NA,NA,NA,NA,NA,NA,1,NA,NA,NA,NA,NA,NA,1
Hakea rugosa,TRUE,TRUE,NA,NA,5--20,NA,NA,0.2,0.2,NA,NA,1,NA,NA,0.341995189
Hakea ruscifolia,TRUE,NA,NA,NA,NA,NA,NA,0.2,NA,NA,NA,NA,NA,NA,0.2
Hakea teretifolia,TRUE,TRUE,NA,NA,5--20,2.965116,NA,0.2,0.2,NA,NA,1,0.2,NA,0.299069756
Hakea trifurcata,FALSE,TRUE,4,NA,NA,NA,NA,1,0.2,0.2,NA,NA,NA,NA,0.341995189
Harmogia densifolia,TRUE,TRUE,NA,NA,1--5,2.015504,NA,0.2,0.2,NA,NA,0.2,0.2,NA,0.2
Ozothamnus alpinus,TRUE,TRUE,NA,NA,1--5,5,NA,0.2,0.2,NA,NA,0.2,0.2,NA,0.2
Xerochrysum bracteatum,FALSE,TRUE,0.75,NA,1,NA,NA,1,0.2,0.2,NA,0.2,NA,NA,0.299069756
Coronidium rutidolepis,TRUE,NA,NA,NA,NA,1,0.348837209,0.2,NA,NA,NA,NA,0.2,0.2,0.2
Coronidium scorpioides,TRUE,TRUE,NA,NA,1--5,1,0.310077519,0.2,0.2,NA,NA,0.2,0.2,0.2,0.2
Leucochrysum albicans,FALSE,NA,NA,NA,0--1,NA,NA,1,NA,NA,NA,0.2,NA,NA,0.447213595
Rhodanthe anthemoides,TRUE,NA,NA,1,0--1,1,NA,0.2,NA,NA,0.2,0.2,0.2,NA,0.2
Hibbertia,TRUE,TRUE,NA,NA,NA,NA,NA,0.2,0.2,NA,NA,NA,NA,NA,0.2
Hibbertia linearis,TRUE,TRUE,NA,NA,1--5,1.395349,NA,0.2,0.2,NA,NA,0.2,0.2,NA,0.2
Hibbertia scandens,TRUE,TRUE,NA,NA,5--10,1,NA,0.2,0.2,NA,NA,1,0.2,NA,0.299069756
Hibiscus,TRUE,NA,NA,NA,NA,NA,NA,0.2,NA,NA,NA,NA,NA,NA,0.2
Abelmoschus moschatus subsp. tuberosus,TRUE,NA,NA,NA,1,NA,NA,0.2,NA,NA,NA,0.2,NA,NA,0.2
Hibiscus tiliaceus,TRUE,TRUE,NA,NA,4--5,NA,NA,0.2,0.2,NA,NA,0.2,NA,NA,0.2
Hovea montana,TRUE,TRUE,NA,NA,5--20,NA,NA,0.2,0.2,NA,NA,1,NA,NA,0.341995189
Hymenosporum flavum,TRUE,FALSE,NA,NA,10--20,NA,NA,0.2,1,NA,NA,1,NA,NA,0.584803548
Hypocalymma angustifolium,TRUE,TRUE,NA,NA,NA,NA,NA,0.2,0.2,NA,NA,NA,NA,NA,0.2
Hypochaeris glabra,FALSE,TRUE,NA,NA,NA,1,NA,1,0.2,NA,NA,NA,0.2,NA,0.341995189
Hypochaeris radicata,TRUE,TRUE,NA,1,NA,1,0.19379845,0.2,0.2,NA,0.2,NA,0.2,0.2,0.2
Isopogon anemonifolius,TRUE,TRUE,NA,NA,5--20,2,1.744186047,0.2,0.2,NA,NA,1,0.2,0.2,0.275945932
Jacksonia scoparia,TRUE,TRUE,NA,NA,1--5,4,NA,0.2,0.2,NA,NA,0.2,0.2,NA,0.2
Kennedia prorepens,TRUE,NA,NA,NA,NA,NA,NA,0.2,NA,NA,NA,NA,NA,NA,0.2
Kennedia rubicunda,TRUE,TRUE,NA,NA,1--5,0.6782946,NA,0.2,0.2,NA,NA,0.2,0.2,NA,0.2
Kunzea ambigua,FALSE,NA,NA,NA,1--5,1.879845,NA,1,NA,NA,NA,0.2,0.2,NA,0.341995189
Kunzea ericoides,TRUE,TRUE,NA,NA,1--5,2,NA,0.2,0.2,NA,NA,0.2,0.2,NA,0.2
Kunzea muelleri,TRUE,TRUE,NA,NA,1--5,5,NA,0.2,0.2,NA,NA,0.2,0.2,NA,0.2
Lambertia formosa,TRUE,TRUE,NA,2,NA,2,1.375968992,0.2,0.2,NA,0.2,NA,0.2,0.2,0.2
Lantana camara,TRUE,TRUE,NA,NA,0--5,NA,0.310077519,0.2,0.2,NA,NA,0.2,NA,0.2,0.2
Leptomeria acida,TRUE,TRUE,NA,NA,5--20,3,NA,0.2,0.2,NA,NA,1,0.2,NA,0.299069756
Leptomeria preissiana,TRUE,TRUE,NA,NA,NA,NA,NA,0.2,0.2,NA,NA,NA,NA,NA,0.2
Leptorhynchos squamatus,TRUE,FALSE,NA,1,1--5,1,NA,0.2,1,NA,0.2,0.2,0.2,NA,0.275945932
Leptorhynchos squamatus subsp. squamatus,TRUE,NA,NA,NA,1--5,NA,NA,0.2,NA,NA,NA,0.2,NA,NA,0.2
Leptorhynchos tenuifolius,TRUE,TRUE,NA,NA,1--5,NA,NA,0.2,0.2,NA,NA,0.2,NA,NA,0.2
Leptospermum trinervium,TRUE,TRUE,NA,0.5,1--5,1,0.329457364,0.2,0.2,NA,0.2,0.2,0.2,0.2,0.2
Leptospermum brachyandrum,TRUE,TRUE,NA,NA,5--20,NA,NA,0.2,0.2,NA,NA,1,NA,NA,0.341995189
Leptospermum brevipes,TRUE,TRUE,NA,NA,1--5,NA,NA,0.2,0.2,NA,NA,0.2,NA,NA,0.2
Leptospermum continentale,TRUE,TRUE,NA,2,1--5,2,NA,0.2,0.2,NA,0.2,0.2,0.2,NA,0.2
Leptospermum coriaceum,TRUE,TRUE,NA,NA,1--5,NA,NA,0.2,0.2,NA,NA,0.2,NA,NA,0.2
Leptospermum erubescens,TRUE,TRUE,NA,NA,NA,NA,NA,0.2,0.2,NA,NA,NA,NA,NA,0.2
Leptospermum polygalifolium subsp. polygalifolium,TRUE,NA,NA,NA,1--5,3,NA,0.2,NA,NA,NA,0.2,0.2,NA,0.2
Leptospermum grandifolium,TRUE,TRUE,NA,3,5--20,3,NA,0.2,0.2,NA,0.2,1,0.2,NA,0.275945932
Leptospermum juniperinum,TRUE,TRUE,NA,2,1--5,2,NA,0.2,0.2,NA,0.2,0.2,0.2,NA,0.2
Leptospermum laevigatum,TRUE,TRUE,NA,NA,1--5,5,NA,0.2,0.2,NA,NA,0.2,0.2,NA,0.2
Leptospermum lanigerum,TRUE,TRUE,NA,NA,5--20,NA,NA,0.2,0.2,NA,NA,1,NA,NA,0.341995189
Leptospermum microcarpum,TRUE,TRUE,NA,NA,NA,NA,NA,0.2,0.2,NA,NA,NA,NA,NA,0.2
Leptospermum myrsinoides,TRUE,TRUE,NA,2,1--5,2,NA,0.2,0.2,NA,0.2,0.2,0.2,NA,0.2
Leptospermum myrtifolium,TRUE,TRUE,NA,NA,1--5,NA,NA,0.2,0.2,NA,NA,0.2,NA,NA,0.2
Leptospermum parvifolium,TRUE,NA,NA,NA,5--20,4,1.744186047,0.2,NA,NA,NA,1,0.2,0.2,0.299069756
Leptospermum polygalifolium,TRUE,TRUE,NA,NA,1--5,NA,1.821705426,0.2,0.2,NA,NA,0.2,NA,0.2,0.2
Leptospermum rupestre,FALSE,NA,NA,NA,NA,NA,NA,1,NA,NA,NA,NA,NA,NA,1
Leptospermum scoparium,TRUE,TRUE,NA,NA,1--5,NA,NA,0.2,0.2,NA,NA,0.2,NA,NA,0.2
Leptospermum squarrosum,TRUE,NA,NA,NA,1--5,3,NA,0.2,NA,NA,NA,0.2,0.2,NA,0.2
Leucanthemum vulgare,TRUE,NA,NA,NA,NA,NA,NA,0.2,NA,NA,NA,NA,NA,NA,0.2
Leucochrysum alpinum,TRUE,TRUE,NA,NA,0--1,NA,NA,0.2,0.2,NA,NA,0.2,NA,NA,0.2
Leucopogon margarodes,TRUE,NA,NA,NA,NA,NA,NA,0.2,NA,NA,NA,NA,NA,NA,0.2
Acrothamnus montanus,TRUE,FALSE,NA,NA,1--5,5,NA,0.2,1,NA,NA,0.2,0.2,NA,0.299069756
Levenhookia stipitata,FALSE,NA,NA,NA,NA,NA,NA,1,NA,NA,NA,NA,NA,NA,1
Lomandra longifolia,TRUE,FALSE,NA,1,1--5,1,0.658914729,0.2,1,NA,0.2,0.2,0.2,0.2,0.261532097
Lomatia fraseri,TRUE,FALSE,NA,NA,5--20,NA,NA,0.2,1,NA,NA,1,NA,NA,0.584803548
Lomatia silaifolia,TRUE,TRUE,NA,1,5--20,1,0.949612403,0.2,0.2,NA,0.2,1,0.2,0.2,0.261532097
Lophostemon confertus,TRUE,TRUE,NA,NA,NA,NA,NA,0.2,0.2,NA,NA,NA,NA,NA,0.2
Lophostemon grandiflorus,TRUE,NA,NA,NA,10--,NA,NA,0.2,NA,NA,NA,1,NA,NA,0.447213595
Lophostemon suaveolens,TRUE,TRUE,NA,NA,NA,NA,NA,0.2,0.2,NA,NA,NA,NA,NA,0.2
Macrozamia communis,TRUE,NA,NA,NA,20--,10,NA,0.2,NA,NA,NA,1,1,NA,0.584803548
Macrozamia riedlei,TRUE,FALSE,NA,NA,NA,NA,NA,0.2,1,NA,NA,NA,NA,NA,0.447213595
Mallotus paniculatus,TRUE,TRUE,NA,NA,NA,NA,NA,0.2,0.2,NA,NA,NA,NA,NA,0.2
Mallotus philippensis,TRUE,TRUE,NA,NA,6--10,NA,NA,0.2,0.2,NA,NA,1,NA,NA,0.341995189
Denhamia silvestris,TRUE,FALSE,NA,NA,5--20,NA,2,0.2,1,NA,NA,1,NA,0.2,0.447213595
Melaleuca acacioides,TRUE,NA,NA,NA,6--10,NA,NA,0.2,NA,NA,NA,1,NA,NA,0.447213595
Melaleuca acuminata,FALSE,TRUE,4,NA,1--5,NA,NA,1,0.2,0.2,NA,0.2,NA,NA,0.299069756
Melaleuca armillaris,TRUE,NA,NA,NA,1--5,NA,NA,0.2,NA,NA,NA,0.2,NA,NA,0.2
Melaleuca bracteata,TRUE,TRUE,NA,NA,10--,NA,NA,0.2,0.2,NA,NA,1,NA,NA,0.341995189
Melaleuca cajuputi,TRUE,NA,NA,NA,6--10,NA,NA,0.2,NA,NA,NA,1,NA,NA,0.447213595
Melaleuca dealbata,TRUE,NA,NA,NA,6--10,NA,NA,0.2,NA,NA,NA,1,NA,NA,0.447213595
Melaleuca decora,TRUE,NA,NA,NA,NA,NA,NA,0.2,NA,NA,NA,NA,NA,NA,0.2
Melaleuca ericifolia,TRUE,FALSE,NA,NA,1--5,NA,NA,0.2,1,NA,NA,0.2,NA,NA,0.341995189
Melaleuca glomerata,TRUE,NA,NA,NA,6--10,NA,NA,0.2,NA,NA,NA,1,NA,NA,0.447213595
Melaleuca huegelii,TRUE,TRUE,NA,NA,NA,NA,NA,0.2,0.2,NA,NA,NA,NA,NA,0.2
Melaleuca lanceolata,TRUE,TRUE,NA,NA,5--20,NA,NA,0.2,0.2,NA,NA,1,NA,NA,0.341995189
Melaleuca leucadendra,TRUE,TRUE,NA,NA,6--10,NA,NA,0.2,0.2,NA,NA,1,NA,NA,0.341995189
Melaleuca linariifolia,TRUE,TRUE,NA,4,5--20,4,1.821705426,0.2,0.2,NA,1,1,0.2,0.2,0.341995189
Melaleuca nervosa,TRUE,TRUE,NA,NA,6--10,NA,NA,0.2,0.2,NA,NA,1,NA,NA,0.341995189
Melaleuca nodosa,TRUE,TRUE,NA,NA,NA,4,1.763565891,0.2,0.2,NA,NA,NA,0.2,0.2,0.2
Melaleuca pauperiflora,NA,NA,NA,NA,1--5,NA,NA,NA,NA,NA,NA,0.2,NA,NA,0.2
Melaleuca quinquenervia,TRUE,NA,NA,0.2,NA,1,NA,0.2,NA,NA,0.2,NA,0.2,NA,0.2
Melaleuca sieberi,TRUE,TRUE,NA,NA,NA,2,2,0.2,0.2,NA,NA,NA,0.2,0.2,0.2
Melaleuca styphelioides,TRUE,FALSE,NA,NA,NA,NA,NA,0.2,1,NA,NA,NA,NA,NA,0.447213595
Melaleuca subfalcata,FALSE,TRUE,NA,NA,NA,NA,NA,1,0.2,NA,NA,NA,NA,NA,0.447213595
Melaleuca thymifolia,TRUE,TRUE,NA,0.4,NA,1,NA,0.2,0.2,NA,0.2,NA,0.2,NA,0.2
Melaleuca uncinata,TRUE,TRUE,NA,NA,1--5,NA,NA,0.2,0.2,NA,NA,0.2,NA,NA,0.2
Melaleuca viridiflora,TRUE,TRUE,NA,NA,4--5,NA,NA,0.2,0.2,NA,NA,0.2,NA,NA,0.2
Melastoma affine,TRUE,TRUE,NA,NA,NA,NA,NA,0.2,0.2,NA,NA,NA,NA,NA,0.2
Melicope elleryana,TRUE,TRUE,NA,NA,6--10,NA,NA,0.2,0.2,NA,NA,1,NA,NA,0.341995189
Melicope micrococca,TRUE,TRUE,NA,NA,NA,NA,NA,0.2,0.2,NA,NA,NA,NA,NA,0.2
Brombya platynema,NA,NA,NA,NA,5--10,NA,NA,NA,NA,NA,NA,1,NA,NA,1
Micromyrtus hexamera,FALSE,NA,NA,NA,1--5,NA,NA,1,NA,NA,NA,0.2,NA,NA,0.447213595
Micromyrtus sessilis,TRUE,TRUE,NA,NA,1--5,NA,NA,0.2,0.2,NA,NA,0.2,NA,NA,0.2
Microseris lanceolata,TRUE,TRUE,NA,1,0--1,1,NA,0.2,0.2,NA,0.2,0.2,0.2,NA,0.2
Muellerina eucalyptoides,TRUE,TRUE,NA,NA,1--5,NA,NA,0.2,0.2,NA,NA,0.2,NA,NA,0.2
Murraya paniculata,TRUE,NA,NA,NA,6--10,NA,NA,0.2,NA,NA,NA,1,NA,NA,0.447213595
Myoporum insulare,TRUE,TRUE,NA,NA,1--5,1,NA,0.2,0.2,NA,NA,0.2,0.2,NA,0.2
Myoporum platycarpum,TRUE,TRUE,NA,NA,5--20,NA,NA,0.2,0.2,NA,NA,1,NA,NA,0.341995189
Myoporum viscosum,FALSE,NA,NA,NA,1--5,NA,NA,1,NA,NA,NA,0.2,NA,NA,0.447213595
Montia australasica,TRUE,TRUE,NA,NA,0--1,1,NA,0.2,0.2,NA,NA,0.2,0.2,NA,0.2
Nothofagus cunninghamii,FALSE,FALSE,NA,NA,5--20,NA,NA,1,1,NA,NA,1,NA,NA,1
Nuytsia floribunda,TRUE,FALSE,NA,NA,NA,NA,NA,0.2,1,NA,NA,NA,NA,NA,0.447213595
Olearia phlogopappa,TRUE,NA,NA,NA,1--5,2,NA,0.2,NA,NA,NA,0.2,0.2,NA,0.2
Olearia brevipedunculata,TRUE,TRUE,NA,NA,1--5,NA,NA,0.2,0.2,NA,NA,0.2,NA,NA,0.2
Orites excelsus,FALSE,FALSE,NA,NA,NA,NA,NA,1,1,NA,NA,NA,NA,NA,1
Orites lancifolius,TRUE,FALSE,NA,NA,5--20,5,NA,0.2,1,NA,NA,1,0.2,NA,0.447213595
Orites revolutus,TRUE,NA,NA,NA,NA,NA,NA,0.2,NA,NA,NA,NA,NA,NA,0.2
Podolobium aciculiferum,TRUE,TRUE,NA,NA,NA,NA,NA,0.2,0.2,NA,NA,NA,NA,NA,0.2
Oxylobium ellipticum,TRUE,TRUE,NA,NA,5--20,5,NA,0.2,0.2,NA,NA,1,0.2,NA,0.299069756
Podolobium ilicifolium,TRUE,TRUE,NA,NA,5--20,NA,0.736434109,0.2,0.2,NA,NA,1,NA,0.2,0.299069756
Ozothamnus cupressoides,FALSE,TRUE,NA,NA,1--5,NA,NA,1,0.2,NA,NA,0.2,NA,NA,0.341995189
Ozothamnus diosmifolius,TRUE,FALSE,NA,NA,1--5,1.937984,NA,0.2,1,NA,NA,0.2,0.2,NA,0.299069756
Ozothamnus ferrugineus,FALSE,TRUE,NA,NA,1--5,2,NA,1,0.2,NA,NA,0.2,0.2,NA,0.299069756
Ozothamnus hookeri,TRUE,NA,NA,NA,1--5,2,NA,0.2,NA,NA,NA,0.2,0.2,NA,0.2
Ozothamnus obcordatus,FALSE,TRUE,NA,NA,1--5,NA,NA,1,0.2,NA,NA,0.2,NA,NA,0.341995189
Ozothamnus thyrsoideus,TRUE,TRUE,NA,NA,1--5,NA,NA,0.2,0.2,NA,NA,0.2,NA,NA,0.2
Patersonia occidentalis,TRUE,NA,3,NA,NA,NA,NA,0.2,NA,0.2,NA,NA,NA,NA,0.2
Pentachondra pumila,FALSE,FALSE,NA,NA,1--5,NA,NA,1,1,NA,NA,0.2,NA,NA,0.584803548
Persoonia lanceolata,FALSE,FALSE,NA,NA,NA,2.093023,NA,1,1,NA,NA,NA,0.2,NA,0.584803548
Persoonia mollis subsp. livens,FALSE,NA,NA,NA,NA,NA,NA,1,NA,NA,NA,NA,NA,NA,1
Persoonia mollis subsp. revoluta,FALSE,NA,NA,NA,NA,NA,NA,1,NA,NA,NA,NA,NA,NA,1
Persoonia virgata,TRUE,NA,NA,NA,NA,NA,NA,0.2,NA,NA,NA,NA,NA,NA,0.2
Nematolepis ovatifolia,FALSE,FALSE,NA,NA,5--20,NA,NA,1,1,NA,NA,1,NA,NA,1
Phebalium squamulosum,TRUE,TRUE,NA,NA,5--20,5,NA,0.2,0.2,NA,NA,1,0.2,NA,0.299069756
Philotheca spicata,TRUE,TRUE,NA,NA,NA,NA,NA,0.2,0.2,NA,NA,NA,NA,NA,0.2
Phyllota grandiflora,TRUE,NA,NA,NA,NA,NA,0.717054264,0.2,NA,NA,NA,NA,NA,0.2,0.2
Phyllota phylicoides,TRUE,TRUE,NA,NA,NA,4,1.666666667,0.2,0.2,NA,NA,NA,0.2,0.2,0.2
Physalis peruviana,TRUE,TRUE,NA,NA,NA,2.713178,NA,0.2,0.2,NA,NA,NA,0.2,NA,0.2
Pimelea axiflora,TRUE,FALSE,NA,NA,5--20,NA,NA,0.2,1,NA,NA,1,NA,NA,0.584803548
Pimelea ligustrina,TRUE,TRUE,NA,NA,5--20,NA,NA,0.2,0.2,NA,NA,1,NA,NA,0.341995189
Pinus patula,NA,TRUE,NA,NA,NA,NA,NA,NA,0.2,NA,NA,NA,NA,NA,0.2
Pinus radiata,TRUE,TRUE,NA,NA,NA,NA,NA,0.2,0.2,NA,NA,NA,NA,NA,0.2
Planchonia careya,TRUE,FALSE,NA,NA,6--10,NA,NA,0.2,1,NA,NA,1,NA,NA,0.584803548
Pleiogynium timoriense,TRUE,TRUE,NA,NA,NA,NA,NA,0.2,0.2,NA,NA,NA,NA,NA,0.2
Poa costiniana,TRUE,TRUE,NA,1,1--5,1,NA,0.2,0.2,NA,0.2,0.2,0.2,NA,0.2
Poa hiemata,TRUE,NA,NA,1,1--5,1,NA,0.2,NA,NA,0.2,0.2,0.2,NA,0.2
Poa labillardierei,TRUE,NA,NA,NA,1--5,NA,NA,0.2,NA,NA,NA,0.2,NA,NA,0.2
Podolepis canescens,FALSE,NA,NA,NA,0--1,NA,NA,1,NA,NA,NA,0.2,NA,NA,0.447213595
Podolepis neglecta,TRUE,NA,NA,NA,1--5,NA,NA,0.2,NA,NA,NA,0.2,NA,NA,0.2
Podolepis robusta,TRUE,NA,NA,1,1--5,1,NA,0.2,NA,NA,0.2,0.2,0.2,NA,0.2
Podolobium alpestre,TRUE,TRUE,NA,NA,5--20,5,NA,0.2,0.2,NA,NA,1,0.2,NA,0.299069756
Millettia pinnata,TRUE,TRUE,NA,NA,10--,NA,NA,0.2,0.2,NA,NA,1,NA,NA,0.341995189
Prasophyllum alpinum,TRUE,NA,NA,NA,1--5,NA,NA,0.2,NA,NA,NA,0.2,NA,NA,0.2
Prasophyllum fimbria,TRUE,NA,NA,NA,NA,NA,NA,0.2,NA,NA,NA,NA,NA,NA,0.2
Prostanthera cuneata,TRUE,TRUE,NA,NA,1--5,5,NA,0.2,0.2,NA,NA,0.2,0.2,NA,0.2
Prostanthera lasianthos,FALSE,TRUE,NA,NA,1--5,5,NA,1,0.2,NA,NA,0.2,0.2,NA,0.299069756
Cullen patens,TRUE,NA,NA,NA,1--5,NA,NA,0.2,NA,NA,NA,0.2,NA,NA,0.2
Pultenaea acerosa,FALSE,NA,NA,NA,5--20,NA,NA,1,NA,NA,NA,1,NA,NA,1
Pultenaea blakelyi,FALSE,NA,NA,NA,5--20,NA,NA,1,NA,NA,NA,1,NA,NA,1
Pultenaea daphnoides,FALSE,TRUE,NA,NA,5--20,1.666667,NA,1,0.2,NA,NA,1,0.2,NA,0.447213595
Pultenaea tuberculata,FALSE,TRUE,NA,2,NA,1.182171,NA,1,0.2,NA,0.2,NA,0.2,NA,0.299069756
Pultenaea ferruginea,FALSE,TRUE,NA,NA,NA,NA,NA,1,0.2,NA,NA,NA,NA,NA,0.447213595
Pultenaea flexilis,FALSE,TRUE,NA,NA,5--20,1.705426,NA,1,0.2,NA,NA,1,0.2,NA,0.447213595
Pultenaea glabra,FALSE,NA,NA,NA,NA,NA,NA,1,NA,NA,NA,NA,NA,NA,1
Pultenaea largiflorens,FALSE,NA,NA,NA,5--20,NA,NA,1,NA,NA,NA,1,NA,NA,1
Pultenaea microphylla,TRUE,TRUE,NA,NA,5--20,NA,3,0.2,0.2,NA,NA,1,NA,0.2,0.299069756
Pultenaea stipularis,FALSE,NA,NA,NA,NA,1.744186,NA,1,NA,NA,NA,NA,0.2,NA,0.447213595
Pultenaea tenella,TRUE,TRUE,NA,NA,5--20,NA,NA,0.2,0.2,NA,NA,1,NA,NA,0.341995189
Pultenaea villosa,FALSE,NA,NA,NA,NA,NA,NA,1,NA,NA,NA,NA,NA,NA,1
Ranunculus victoriensis,TRUE,TRUE,NA,NA,1--5,NA,NA,0.2,0.2,NA,NA,0.2,NA,NA,0.2
Myrsine variabilis,TRUE,FALSE,NA,NA,5--20,2,2.364341085,0.2,1,NA,NA,1,0.2,0.2,0.380730788
Rhadinothamnus anceps,FALSE,NA,1,NA,NA,NA,NA,1,NA,0.2,NA,NA,NA,NA,0.447213595
Rhodanthe charsleyae,FALSE,NA,NA,NA,NA,NA,NA,1,NA,NA,NA,NA,NA,NA,1
Richea continentis,FALSE,TRUE,NA,NA,1--5,NA,NA,1,0.2,NA,NA,0.2,NA,NA,0.341995189
Rubus anglocandicans,TRUE,TRUE,NA,1,NA,1,0.736434109,0.2,0.2,NA,0.2,NA,0.2,0.2,0.2
Rubus moluccanus var. moluccanus,TRUE,FALSE,NA,NA,NA,NA,NA,0.2,1,NA,NA,NA,NA,NA,0.447213595
Rubus moorei,TRUE,NA,NA,NA,NA,NA,NA,0.2,NA,NA,NA,NA,NA,NA,0.2
Rubus parvifolius,TRUE,TRUE,NA,NA,1--5,NA,NA,0.2,0.2,NA,NA,0.2,NA,NA,0.2
Rubus rosifolius,TRUE,FALSE,NA,NA,5--20,NA,NA,0.2,1,NA,NA,1,NA,NA,0.584803548
Santalum acuminatum,TRUE,TRUE,NA,NA,6--10,NA,NA,0.2,0.2,NA,NA,1,NA,NA,0.341995189
Scaevola spinescens,TRUE,TRUE,NA,NA,4--5,NA,NA,0.2,0.2,NA,NA,0.2,NA,NA,0.2
Schizomeria ovata,TRUE,FALSE,NA,NA,NA,NA,NA,0.2,1,NA,NA,NA,NA,NA,0.447213595
Schoenia cassiniana,FALSE,NA,NA,NA,NA,NA,NA,1,NA,NA,NA,NA,NA,NA,1
Scolopia braunii,TRUE,FALSE,NA,NA,NA,NA,NA,0.2,1,NA,NA,NA,NA,NA,0.447213595
Senecio gunnii,TRUE,TRUE,NA,NA,1--5,1,NA,0.2,0.2,NA,NA,0.2,0.2,NA,0.2
Senecio depressicola,TRUE,NA,NA,NA,0--1,NA,NA,0.2,NA,NA,NA,0.2,NA,NA,0.2
Senecio pinnatifolius,TRUE,TRUE,NA,NA,0--1,NA,NA,0.2,0.2,NA,NA,0.2,NA,NA,0.2
Senecio pinnatifolius var. alpinus,TRUE,TRUE,NA,1,0--1,1,NA,0.2,0.2,NA,0.2,0.2,0.2,NA,0.2
Sida cordifolia,TRUE,FALSE,NA,NA,5--20,NA,NA,0.2,1,NA,NA,1,NA,NA,0.584803548
Sloanea woollsii,FALSE,FALSE,NA,NA,NA,NA,NA,1,1,NA,NA,NA,NA,NA,1
Solanum centrale,TRUE,NA,NA,NA,1,NA,NA,0.2,NA,NA,NA,0.2,NA,NA,0.2
Solanum cinereum,FALSE,TRUE,NA,NA,1--5,NA,NA,1,0.2,NA,NA,0.2,NA,NA,0.341995189
Solanum dioicum,TRUE,NA,NA,NA,1,NA,NA,0.2,NA,NA,NA,0.2,NA,NA,0.2
Solanum ellipticum,TRUE,TRUE,NA,NA,1--5,NA,NA,0.2,0.2,NA,NA,0.2,NA,NA,0.2
Solanum esuriale,TRUE,NA,NA,NA,1--5,NA,NA,0.2,NA,NA,NA,0.2,NA,NA,0.2
Solanum hoplopetalum,NA,TRUE,NA,NA,NA,NA,NA,NA,0.2,NA,NA,NA,NA,NA,0.2
Solanum lucani,FALSE,NA,NA,NA,NA,NA,NA,1,NA,NA,NA,NA,NA,NA,1
Solanum mauritianum,TRUE,FALSE,NA,1,NA,1,0.697674419,0.2,1,NA,0.2,NA,0.2,0.2,0.275945932
Solanum nummularium,NA,TRUE,NA,NA,NA,NA,NA,NA,0.2,NA,NA,NA,NA,NA,0.2
Solanum parvifolium,FALSE,NA,NA,NA,5--20,NA,NA,1,NA,NA,NA,1,NA,NA,1
Solanum petrophilum,TRUE,NA,NA,NA,1,NA,NA,0.2,NA,NA,NA,0.2,NA,NA,0.2
Solanum quadriloculatum,TRUE,NA,NA,NA,1,NA,NA,0.2,NA,NA,NA,0.2,NA,NA,0.2
Solanum sturtianum,TRUE,NA,NA,NA,1,NA,NA,0.2,NA,NA,NA,0.2,NA,NA,0.2
Stackhousia pulvinaris,TRUE,FALSE,NA,NA,1--5,1,NA,0.2,1,NA,NA,0.2,0.2,NA,0.299069756
Stemodia florulenta,TRUE,NA,NA,NA,1--5,NA,NA,0.2,NA,NA,NA,0.2,NA,NA,0.2
Austrostipa setacea,TRUE,NA,NA,NA,1--5,1,NA,0.2,NA,NA,NA,0.2,0.2,NA,0.2
Stylidium armeria,TRUE,TRUE,NA,NA,1--5,NA,NA,0.2,0.2,NA,NA,0.2,NA,NA,0.2
Stylidium bulbiferum,FALSE,NA,NA,NA,NA,NA,NA,1,NA,NA,NA,NA,NA,NA,1
Stylidium graminifolium,TRUE,TRUE,NA,NA,1--5,1,0.581395349,0.2,0.2,NA,NA,0.2,0.2,0.2,0.2
Stylidium rigidulum,TRUE,NA,NA,NA,NA,NA,NA,0.2,NA,NA,NA,NA,NA,NA,0.2
Stypandra glauca,TRUE,NA,NA,NA,1--5,NA,NA,0.2,NA,NA,NA,0.2,NA,NA,0.2
Swainsona galegifolia,TRUE,NA,NA,NA,1--5,2,NA,0.2,NA,NA,NA,0.2,0.2,NA,0.2
Syncarpia glomulifera,TRUE,TRUE,NA,NA,20--,NA,5.03875969,0.2,0.2,NA,NA,1,NA,1,0.447213595
Synima cordierorum,TRUE,NA,NA,NA,NA,NA,NA,0.2,NA,NA,NA,NA,NA,NA,0.2
Syzygium tierneyanum,TRUE,NA,NA,NA,NA,NA,NA,0.2,NA,NA,NA,NA,NA,NA,0.2
Syzygium australe,TRUE,FALSE,NA,NA,NA,NA,NA,0.2,1,NA,NA,NA,NA,NA,0.447213595
Syzygium oleosum,TRUE,TRUE,NA,NA,NA,NA,NA,0.2,0.2,NA,NA,NA,NA,NA,0.2
Syzygium paniculatum,TRUE,NA,NA,2,NA,NA,NA,0.2,NA,NA,0.2,NA,NA,NA,0.2
Syzygium wilsonii subsp. wilsonii,TRUE,NA,NA,NA,NA,NA,NA,0.2,NA,NA,NA,NA,NA,NA,0.2
Taraxacum sect. Taraxacum,TRUE,TRUE,NA,1,NA,1,0.213178295,0.2,0.2,NA,0.2,NA,0.2,0.2,0.2
Terminalia catappa,TRUE,NA,NA,NA,6--10,NA,NA,0.2,NA,NA,NA,1,NA,NA,0.447213595
Terminalia hadleyana,TRUE,FALSE,NA,NA,NA,NA,NA,0.2,1,NA,NA,NA,NA,NA,0.447213595
Themeda triandra,TRUE,TRUE,NA,1,1--5,1,0.251937984,0.2,0.2,NA,0.2,0.2,0.2,0.2,0.2
Thryptomene australis,FALSE,NA,1.916666667,NA,NA,NA,NA,1,NA,0.2,NA,NA,NA,NA,0.447213595
Toona ciliata,TRUE,FALSE,NA,NA,NA,NA,NA,0.2,1,NA,NA,NA,NA,NA,0.447213595
Trachymene glaucifolia,FALSE,NA,NA,NA,NA,NA,NA,1,NA,NA,NA,NA,NA,NA,1
Trema tomentosa,FALSE,TRUE,NA,NA,2--3,NA,NA,1,0.2,NA,NA,0.2,NA,NA,0.341995189
Tribulus occidentalis,FALSE,NA,NA,NA,0--1,NA,NA,1,NA,NA,NA,0.2,NA,NA,0.447213595
Trichodesma zeylanicum,FALSE,TRUE,NA,NA,1,NA,NA,1,0.2,NA,NA,0.2,NA,NA,0.341995189
Tristaniopsis laurina,TRUE,FALSE,NA,NA,5--20,2,2.015503876,0.2,1,NA,NA,1,0.2,0.2,0.380730788
Triumfetta rhomboidea,FALSE,NA,NA,NA,NA,NA,NA,1,NA,NA,NA,NA,NA,NA,1
Velleia spathulata,TRUE,NA,NA,NA,NA,NA,NA,0.2,NA,NA,NA,NA,NA,NA,0.2
Verbena bonariensis,TRUE,TRUE,NA,NA,NA,NA,NA,0.2,0.2,NA,NA,NA,NA,NA,0.2
Verticordia acerosa,TRUE,NA,NA,NA,NA,NA,NA,0.2,NA,NA,NA,NA,NA,NA,0.2
Verticordia picta,FALSE,TRUE,NA,NA,NA,NA,NA,1,0.2,NA,NA,NA,NA,NA,0.447213595
Verticordia serrata,FALSE,NA,NA,NA,NA,NA,NA,1,NA,NA,NA,NA,NA,NA,1
Viminaria juncea,FALSE,TRUE,NA,NA,1--5,1.763566,NA,1,0.2,NA,NA,0.2,0.2,NA,0.299069756
Wahlenbergia ceracea,TRUE,TRUE,NA,NA,1--5,1,NA,0.2,0.2,NA,NA,0.2,0.2,NA,0.2
Wahlenbergia gloriosa,TRUE,TRUE,NA,NA,1--5,1,NA,0.2,0.2,NA,NA,0.2,0.2,NA,0.2
Xanthorrhoea,TRUE,FALSE,NA,NA,NA,NA,NA,0.2,1,NA,NA,NA,NA,NA,0.447213595
Xanthorrhoea australis,TRUE,TRUE,NA,1,5--20,1,NA,0.2,0.2,NA,0.2,1,0.2,NA,0.275945932
Xanthorrhoea johnsonii,TRUE,FALSE,NA,NA,5--20,2,NA,0.2,1,NA,NA,1,0.2,NA,0.447213595
Xanthorrhoea minor,TRUE,NA,NA,NA,5--20,NA,0.736434109,0.2,NA,NA,NA,1,NA,0.2,0.341995189
Xanthorrhoea preissii,TRUE,FALSE,NA,NA,NA,NA,NA,0.2,1,NA,NA,NA,NA,NA,0.447213595
Xerochrysum subundulatum,TRUE,TRUE,NA,1,0--1,NA,NA,0.2,0.2,NA,0.2,0.2,NA,NA,0.2
