species,taxon_name_original,taxname_source,totalinstudy,authority,family,subfamily,size,alltraits,bodylength_mm,flightless,trophicgroup,above_on_below,trophicgroupdetail,food,usual_habitat_adult,usual_habitat_larvae,introduced,Zoharas_MSP,NOTES,Count_2010,Count_2012,Wing_Type,Feeding_Group,pronotum_width,antennae_length,Colour,notes:
Acantholophus crenaticollis,,AFD,7,Macleay,Curculionidae,,,notall,,yes,herbivore,above,herbivore,"under bark for WA species, maybe in grass trees and grass tussocks, http://www.archive.org/stream/proceedingsoflin46linn/proceedingsoflin46linn_djvu.txt",,,,,,,,,,,,,
Acantholophus franklinensis,,AFD,898,Blackburn,Curculionidae,,2,all,19,yes,herbivore,above,herbivore,"under bark for WA species, maybe in grass trees and grass tussocks, http://www.archive.org/stream/proceedingsoflin46linn/proceedingsoflin46linn_djvu.txt",,,,,,,,,,,,,
Acantholophus gravicollis,,AFD,11,Macleay,Curculionidae,,3,all,20,yes,herbivore,above,herbivore,"under bark for WA species, maybe in grass trees and grass tussocks, http://www.archive.org/stream/proceedingsoflin46linn/proceedingsoflin46linn_djvu.txt",,,,109,"large weevil with spikes on head, thorax and abdomes (see MSP 34, 94)",,,absent,,5,7,black,"highly textured, long legs"
Acantholophus tribulus,,AFD,7,Macleay,Curculionidae,,,notall,,yes,herbivore,above,herbivore,"under bark for WA species, maybe in grass trees and grass tussocks, http://www.archive.org/stream/proceedingsoflin46linn/proceedingsoflin46linn_djvu.txt",,,,,,,,,,,,,
Acherres granulatus,,AFD,2,Ferguson,Curculionidae,,2,notall,10,yes,herbivore,,herbivore,,,,,94,large black weevil with equal sized spikes on elytra,,,absent,,2,2,black,fur on body
Adelium lindense,,AFD,52,,Tenebrionidae,Adeliini,2,all,13,yes,scavenger,concealed places/nocturnal,scavenger,dead plant material,concealed places/nocturnal,,,68,"irridescent brown elytra, rounded thorax plate (compare with 71)",,,absent,,5,5,irridescent shine ,
,Adelium sp1,NA,15,,Tenebrionidae,Adeliini,2,notall,,yes,scavenger,concealed places/nocturnal,scavenger,dead plant material,concealed places/nocturnal,,,,,,,,,,,,
Adotela apicalis,,AFD,128,Sloane,Carabidae,Brosini,2,all,30,yes,carnivore,on,carnivore,,ground,,,11,"fused, with ridge along head sticks out, wider body than MSP12",,,absent,predatory,11,10,black shine,large eyes
Adotela frenchi,,AFD,8,Sloane,Carabidae,Brosini,2,all,29,yes,carnivore,on,carnivore,,ground,,,12,"fused, no/slight ridge along head, abdomen thinner than MSP11",,,absent,predatory,9,8,black shine,large eyes
Batessia westwoodi,Agasthenes westwoodi,AFD,87,Bates,Tenebrionidae,Cyphaleini,2,all,19,yes,scavenger,concealed places/nocturnal,scavenger,dead plant material,concealed places/nocturnal,subterranean ?,,54,"brown with predatory jaws, smooth head thorax and abdomen (compare with MSP28)- smooth elytra and (MSP 57) - thinner abdomen",,,absent,detritivore,7,4,brown - shine,
Agrypnus assus,,AFD,4,,Elateridae,Agrypninae,1,notall,,no,omnivore,on,omnivore,larvae plant roots etc,concealed places/nocturnal,in soil,,,,,,,,,,,
Amphianax subcoriaceus,,AFD,1,,Tenebrionidae,,3,notall,,yes,scavenger,,scavenger,,,,,,,,,,,,,,
,Aphodopsammobius sp,NA,2,,Scarabaeidae,Aphodiinae,2,all,12.5,no,coprophage,on,coprophage,dung,in dung,in soil,,"100, 63, 105",black flattened body with paralell dots over entire body,,,present (large),,4,1,black,textured
,Arthropterus sp1,NA,2,,Carabidae,Paussinae,2,all,4,yes,carnivore,on,carnivore,larvae prey on ants,under bark/logs,live with ants ?,,51,"feathered antennae! Red-brown, re flightless, no(m), yes (f)",,,present (large),,1,3,brown - red,
,Arthropterus sp2,NA,1,,Carabidae,Paussinae,2,notall,,yes,carnivore,on,carnivore,larvae prey on ants,under bark/logs,live with ants ?,,,re flightless: no(m)/yes (f),,,,,,,,
Blackbolbus puncticollis,,AFD,1,Macleay,Scarabaeidae,,2,notall,15,no,,,,,,,,"85,111",reddish-brown medium scarab with point on head,,,present (large),pollinator,5,1,brown,fur on body
Blaps polychresta,,AFD,24,Forskal,Tenebrionidae,Tenebrioninae,3,all,41,yes,scavenger,on,scavenger,,,,yes,3,Blaps,,,absent,,10,8,black,
Boreosaragus confirmatus,,AFD,4,,Tenebrionidae,,,notall,,,scavenger,,scavenger,,,,,,,,,,,,,,
Bostrychopsis jesuita,,AFD,3,Fabricius,Bostrychidae,,2,notall,,no,herbivore,,saproxylic,dead wood,,,,,,,,,,,,,
,Broscini sp1,NA,23,,Carabidae,Broscinae,2,all,15,yes,carnivore,on,carnivore,,,,,,,,,,,,,,
Brycopia minuta,,AFD,3,,Tenebrionidae,Adeliini,1,notall,,yes,scavenger,concealed places/nocturnal,scavenger,dead plant material,concealed places/nocturnal,,,,,,,,,,,,
,Buprestidae sp1,NA,5,,Buprestidae,,,notall,,no,herbivore,above,herbivore,flowers,,,,,,,,,,,,,
Byrrhomorpha basicollis,,AFD,19,,Scarabaeidae,Melolonthinae,1,all,9,no,herbivore,above,herbivore,,,,,,,,,,,,,,
Byrrhomorpha verres,,AFD,6,,Scarabaeidae,,,notall,,,,,,,,,,,,,,,,,,,
Callabonica propria,Callabonnica propria,AFD,1,,Scarabaeidae,,,notall,,,,,,,,,,,,,,,,,,,
,Calosoma sp1,NA,3,,Carabidae,Carabini,3,notall,,no,carnivore,on,carnivore,caterpillar feeder,nomadic/nocturnal/ground,in soil,,,,,,,,,,,
Carenum cordipenne,,AFD,3,,Carabidae,Scaritini,3,notall,,yes,carnivore,below,carnivore,,fossorial/nocturnal,,,,,,,,,,,,
Carenum elegans,,AFD,751,Macleay,Carabidae,Scaritini,3,all,25,yes,carnivore,below,carnivore,,fossorial/nocturnal,,,26,narrow bodied green carabid,,,absent,predatory,8,10,green shine,large eyes
Carenum purpureum,,AFD,7,Sloane,Carabidae,Scaritini,,notall,,yes,carnivore,below,carnivore,,fossorial/nocturnal,,,,,,,,,,,,
,Carenum sp.,NA,3,,Carabidae,Scaritini,,notall,,yes,carnivore,below,carnivore,,fossorial/nocturnal,,,,,,,,,,,,
,Carenum sp1,NA,2,,Carabidae,Scaritini,,notall,,yes,carnivore,below,carnivore,,fossorial/nocturnal,,,,,,,,,,,,
,Carenum sp2,NA,4,,Carabidae,Scaritini,,notall,,yes,carnivore,below,carnivore,,fossorial/nocturnal,,,,,,,,,,,,
,Carenum sp3,NA,1,,Carabidae,Scaritini,,notall,,yes,carnivore,below,carnivore,,fossorial/nocturnal,,,,,,,,,,,,
Carenum violaceum,,AFD,9,Macleay,Carabidae,Scaritini,,notall,,yes,carnivore,below,carnivore,,fossorial/nocturnal,,,,,,,,,,,,
Catasarcus armatus,,AFD,35,Blackburn,Curculionidae,Entiminae ,2,all,14,yes,herbivore,above,herbivore,,,,,34,black weevil with spiky armour,,,absent,,3,5,black,
Celibe australis,,AFD,86,Boisduval,Tenebrionidae,,2,all,15,yes,scavenger,on,scavenger,,,,,,,,,,,,,,
Celibe silphoides,,AFD,7,,Tenebrionidae,,,notall,,yes,scavenger,,scavenger,,,,,,,,,,,,,,
,Chalcopteroides sp1,NA,25,,Tenebrionidae,,2,all,19,no,scavenger,on,scavenger,,,,,65,green medium sized beetle,,,present (large),,5,4,green shine,
,Chalcopteroides sp3,NA,2,,Tenebrionidae,,,notall,,no,scavenger,,scavenger,,,,,,,,,,,,,,
,Chalcopterus sp1,NA,1,,,,,notall,,,,,,,,,,,,,,,,,,,
Chlaenius australis,,AFD,1,Dejean,Carabidae,Callistini,2,all,11,no,carnivore,concealed places/nocturnal,carnivore,Scaritini,nocturnal,,,96,green head and thorax brown irridescent elytra,,,present (large),,4,6,green shine,
Chrysobothris subsimilis,,AFD,1,"Thomson, 1879",Buprestidae,,,notall,,no,herbivore,above,herbivore,flowers,,,,,,,,,,,,,
,Cnemoplites sp.,NA,12,,Cerambycidae,Prioninae,,notall,,no,herbivore,,herbivore,,,,,,,,,,,,,,
Coccinella transversalis,,AFD,8,,Coccinellidae,,1,notall,5,no,carnivore,,carnivore,,,,,84,"ladybird, yellow with 5 fused black spots (see MSP 110)",,,large wings,,2.5,0,yellow-black patterns,
Colpochila laminata,Colpochila dubia,AFD,1,,Scarabaeidae,Melolonthinae,,notall,,no,herbivore,above,herbivore,adults foliage Eucalypts/larvae humus or roots,,in soil,,,,,,,,,,,
Colpochila mixta,,AFD,13,,Scarabaeidae,Melolonthinae,2,notall,,no,herbivore,above,herbivore,adults foliage Eucalypts/larvae humus or roots,NA,in soil,,,,,,,,,,,
Colpochila pulchella,,AFD,3,Blackburn,Scarabaeidae,Melolonthinae,2,all,13,no,herbivore,above,herbivore,adults foliage Eucalypts/larvae humus or roots,NA,in soil,,53,"large black elytra covers abdomen, furry (compare with MSP36)",,,present (large),,5,3,black,feathered anennae
Colpochila punctiventris,,AFD,1,,Scarabaeidae,Melolonthinae,,notall,,no,herbivore,above,herbivore,adults foliage Eucalypts/larvae humus or roots,NA,in soil,,,,,,,,,,,
,Colpochila sp1,NA,1,,Scarabaeidae,Melolonthinae,,notall,,no,herbivore,above,herbivore,adults foliage Eucalypts/larvae humus or roots,NA,in soil,,,,,,,,,,,
,Conoderis sp1,NA,1,,Elateridae,Agrypninae,2,notall,,no,omnivore ,on,omnivore ,plant material/insect larvae,concealed places/nocturnal,in soil,,,,,,,,,,,
Conopterum gagatinum,,AFD,113,Macleay,Carabidae,Scaritini,3,all,33,yes,carnivore,below,carnivore,,fossorial/nocturnal,,,99,"large carabid smooth shiney black long slender body slips down to a point (compare with MSP 17,19,10 - abdomen comes to abrupt end)",,,absent,predatory,10,8,black shine,long legs
Cormodes constrictus,Cormodes constricta,AFD,2,Blackburn,Cleridae,,2,notall,17,no,,,,,,,,102,long body furry with front legs like a preying mantis,,,present (small),?pollinator,4,2,brown,fur on body
Cryptodus caviceps,,AFD,2,,Scarabaeidae,Dynastinae,2,notall,,no,carnivore,below,adult carnivore/larva herbivore,larvae humus or roots,subterranean and borrowing/nocturnal,subterranean and borrowing,,,,,,,,,,,
,Cryptoryctes caviceps,NA,8,,,,3,notall,28,no,,,,,,,,42,Large brown furry,,,present (large),,10,3,brown,
,Curculionidae sp1,NA,2,,Curculionidae,,,notall,,,herbivore,,herbivore,,,,,,,,,,,,,,
,Curculionidae sp2,NA,1,,Curculionidae,,,notall,,,herbivore,,herbivore,,,,,,,,,,,,,,
Decilaus curvipes,,AFD,5,Lea,Curculionidae,,2,notall,17,yes,herbivore,,herbivore,,,,,107,"black weevil head scrunched up under body (see MSP 48, same body shape)",,,absent,,4,?,black,textured
Hemichnoodes parryi euclensis,Diaphonia euclensis,AFD,2,,Scarabaeidae,Cetoniinae,3,notall,,no,herbivore,above,herbivore,adults flowers/larvae rotten wood,,in rotten wood,,,,,,,,,,,
Dicranolaius eyrensis,,AFD,1,,Melyridae,,,notall,,,,,,,,,,,,,,,,,,,
Dromaeolus interioris,,AFD,13,Blackburn,Eucnemidae,,1,notall,10,no,,on,,larvae in dead wood,,,,49,brown small thorax click insect like,,,present (large),,2.5,3.5,brown - red,
,Dysarchus sp1,NA,4,,Tenebrionidae,Heleini,,notall,,yes,scavenger,below,scavenger,dead plant material,fossorial/burrowing/nocturnal,subterranean,,,,,,,,,,,
Eboo obscura,,AFD,2,,Chrysomelidae,,,notall,,,herbivore,,herbivore,,,,,,,,,,,,,,
Elaeagna variolaris,,AFD,1,Lea,Curculionidae,,1,notall,8,yes,herbivore,,herbivore,,,,,48,"mottled colouring, snout under body",,,absent,,4,0,mottled brown,patterned
,Elaptus sp.,NA,24,,Cerambycidae,,2,all,20,no,herbivore,above,herbivore,,,,,,,,,,,,,,
Epilectus fortis,,AFD,17,Blackburn,Carabidae,Scaritini,3,all,37,yes,carnivore,below,carnivore,,fossorial/nocturnal,,,,,,,,,,,,
Euryscaphus obesus,,AFD,247,Sloane,Carabidae,Scaritini,3,all,50,yes,carnivore,below,carnivore,,fossorial/nocturnal/sandy soil,,,"9,25","big jaws, round faintly ridged abdomen",,,absent,predatory,19,15,black shine,large eyes
Figulus regularis,,AFD,8,Westwood,Lucanidae,,2,notall,13,yes,,,,,,,,31,"black upturned jaws, long body ridges on abdomen",,,absent,?predatory,4,1.2,black shine,
Frenchella lubrica,,AFD,2,,Scarabaeidae,,,notall,,,,,,,,,,,,,,,,,,,
Geoscaptus laevissimus,Geoscaphus laevissimus,AFD,9,Chaudoir,Carabidae,Scaritini,3,notall,,no,carnivore,wetriparian,carnivore,,hygrophilus,,,,,,,,,,,,
Gnathaphanus melbournensis,,AFD,6,,Carabidae,Harpalini,1,all,8,no,omnivore,on,omnivore(granivore),NA,ground,,,"38,44,47","small black, shiny smooth head and ridged elytra",,,present (large),?predatory,2.5,2,black shine,
,Gnathoxys sp.,NA,211,,Carabidae,Brosini,2,all,14,yes,carnivore,below,carnivore,NA,fossorial,,,"93,112,75","small black carabids, head tucked under (slightly larger than MSP75)",,,absent,predatory,4,4,black shine,
,Gnathoxys sp1,NA,2,,Carabidae,Brosini,2,notall,,yes,carnivore,below,carnivore,NA,fossorial,,,,,,,,,,,,
,Gnathoxys sp2,NA,8,,Carabidae,Brosini,2,notall,,yes,carnivore,below,carnivore,NA,fossorial,,,,,,,,,,,,
,Haplopsis sp,NA,1,,Scarabaeidae,,,notall,,,,,,,,,,,,,,,,,,,
,Harpechys unnamed sp.,NA,1,,Scarabaeidae,,,notall,,,,,,,,,,,,,,,,,,,
Helea castor,,AFD,7,Pascoe,Tenebrionidae,Heleini,3,notall,,yes,scavenger,concealed places/nocturnal,scavenger,dead plant material,concealed places/nocturnal,in soil,,,,,,,,,,,
Helea haagi,,AFD,393,Dohru,Tenebrionidae,Heleini,1,all,10,yes,scavenger,concealed places/nocturnal,scavenger,dead plant material,concealed places/nocturnal,in soil,,14,"flat-back; small, brown",,,absent,detritivore,6,4,brown,
Helea intermedia,,AFD,40,Breme,Tenebrionidae,Heleini,3,all,36,yes,scavenger,concealed places/nocturnal,scavenger,dead plant material,concealed places/nocturnal,in soil,,116,Flatback (MSP1) much larger and with 1 stripe along abdomen,,,absent,detritivore,22,10,brown,
Helea monilifera,,AFD,3511,Pascoe,Tenebrionidae,Heleini,3,all,30,yes,scavenger,above,scavenger,dead plant material,concealed places/nocturnal,in soil,,1,Flat-back; ridge of bumps along elitra,,,absent ,,16,7,dark brown ,
,Helea orcus,NA,2,,,,,notall,,,,,,,,,,,,,,,,,,,
,Helea sp.,NA,113,,Tenebrionidae,Heleini,2,all,15,yes,scavenger,concealed places/nocturnal,scavenger,dead plant material,concealed places/nocturnal,in soil,,,,,,,,,,,
Heteronyx insignis,,AFD,5,Blackburn,Scarabaeidae,Melolonthinae,2,notall,,no,herbivore,above,herbivore,adults foliage Eucalypts/larvae humus or roots,NA,in soil,,,,,,,,,,,
,Heteronyx sp.,NA,200,,Scarabaeidae,Melolonthinae,2,all,12,no,herbivore,above,herbivore,adults foliage Eucalypts/larvae humus or roots,NA,in soil,,,,,,,,,,,
,Heteronyx sp1,NA,2,Macleay,Scarabaeidae,,,notall,,no,herbivore,above,herbivore,adults foliage Eucalypts/larvae humus or roots,NA,in soil,,,,,,,,,,,
Metistete tenebrioides,Homotrysis tenebrioides,AFD,1,,Tenebrionidae,Alleculinae,2,notall,,no,scavenger,above,scavenger,NA,,,,,,,,,,,,,
Hypaulax orcus,,AFD,150,Pascoe,Tenebrionidae,,3,all,23,yes,scavenger,on,scavenger,,,,,103,"large black smooth head and thorax, elytra patterned with internal dots (see MSP 71 smaller version)",,,absent,,4,?,black - shine,
Isopteron breve,Isopteron brevis,AFD,58,Champion,Tenebrionidae,Adeliini,1,all,6,yes,scavenger,concealed places/nocturnal,scavenger,dead plant material/roots,concealed places/nocturnal,subterranean ?,,,,,,,,,,,
Julodimorpha bakewellii,Julodimorpha bakewelli,AFD,98,White,Buprestidae,,3,all,58,no,herbivore,above,herbivore,flowers,,,,,,,,,,,,,
Liparetrus fulvohirtus,,AFD,1,,Scarabaeidae,Melolonthinae,1,notall,,no,herbivore,above,herbivore,adults flowers/foliage Eucalypts/larvae humus or roots,NA,in soil,,,,,,,,,,,
,Liparetrus sp,NA,5,,Scarabaeidae,Melolonthinae,2,all,10,no,herbivore,above,herbivore,adults flowers/foliage Eucalypts/larvae humus or roots,NA,in soil,,"20,22,87,113","black, abdomen showing under elytra (may be same as 20)",,,present (large),pollinator,4,0,black,fur on body
,Liparetrus sp1,NA,1,,Scarabaeidae,Melolonthinae,,notall,,no,herbivore,above,herbivore,adults flowers/foliage Eucalypts/larvae humus or roots,NA,in soil,,,,,,,,,,,
,Liparetrus sp2,NA,4,,Scarabaeidae,Melolonthinae,,notall,,no,herbivore,above,herbivore,adults flowers/foliage Eucalypts/larvae humus or roots,NA,in soil,,,,,,,,,,,
,Liparetrus sp3,NA,8,,Scarabaeidae,Melolonthinae,,notall,,no,herbivore,above,herbivore,adults flowers/foliage Eucalypts/larvae humus or roots,NA,in soil,,,,,,,,,,,
,Liparetrus sp5,NA,1,,Scarabaeidae,Melolonthinae,,notall,,no,herbivore,above,herbivore,adults flowers/foliage Eucalypts/larvae humus or roots,NA,in soil,,,,,,,,,,,
,Liparetrus sp6,NA,2,,Scarabaeidae,Melolonthinae,,notall,,no,herbivore,above,herbivore,adults flowers/foliage Eucalypts/larvae humus or roots,NA,in soil,,,,,,,,,,,
Maechidius crenaticollis,,AFD,23,Blackburn,Scarabaeidae,Melolonthinae,1,all,8,no,herbivore,above,herbivore,larvae humus or roots,,in soil,,,,,,,,,,,
,Maechidius sp1,NA,4,,Scarabaeidae,Melolonthinae,1,notall,,no,,,,larvae humus or roots,,in soil,,,,,,,,,,,
,McBoo weevil,NA,8,,Curculionidae,,,notall,,,herbivore,,herbivore,,,,,,,,,,,,,,
Pseudotetracha australis,Megacephala australis,AFD,1,Chaudoir,Carabidae,Cicindelinae,3,notall,,,carnivore,on,carnivore,,,,,,,,,,,,,,
Metallesthes metallescens,,AFD,36,White,Scarabaeidae,Cetoniinae ,3,all,23,no,herbivore,above,herbivore,nectar/pollen,canopy,in soil,,117,large black scarab fur covering elytra and underside. ,,,present (large),,11,2,black,"fur on body, [Hawkeswood,  #8289]"
Metistete ebenina,,AFD,229,Carter,Tenebrionidae,,2,all,12,no,scavenger,on,scavenger,,,,,"62, 71","black long, depressed dots on elytra running paralell, long legs",,,present (large),,3,6,black,textured
,Metistete sp.,NA,71,,Tenebrionidae,,1,all,9,no,scavenger,on,scavenger,,,,,,,,,,,,,,
Microlestodes (Microlestodes) macleayi,Microlestes macleayi,AFD,1,,Carabidae,Lebiini,1,notall,,no,carnivore,on,carnivore,,litter,,,,,,,,,,,,
Microtragus mormon,,AFD,213,Pascoe,Cerambycidae,Lamiinae,2,all,11,yes,herbivore,above,herbivore,"sap pollen nectar, larvae eat wood",,,,70,"long atennae, elytra has 2 spikes close to thorax",,,absent,,6,12,brown ,textured
,Microtragus sp.,NA,1,Pascoe,Cerambycidae,Lamiinae,,notall,,no,herbivore,,herbivore,,,,,,,,,,,,,,
,Microtragus sp1,NA,10,,Cerambycidae,Lamiinae,2,notall,,yes,herbivore,,herbivore,,,,,,,,,,,,,,
,Microtragus traque,NA,1,,,,,notall,,,,,,,,,,,,,,,,,,,
Mythites sulcicollis,,AFD,2,Germar,Curculionidae,,,notall,,,herbivore,,herbivore,,,,,,,,,,,,,,
Neocarenum blackburni,,AFD,11,Sloane,Carabidae,Scaritini,3,all,32,yes,carnivore,below,carnivore,NA,fossorial/nocturnal/sandy soil,,,17,"large long, smooth elytra, pronotum with ridges next to eyes - abdomen comes to abrupt end",,,absent,predatory,9,6,black shine,large eyes
Neocarenum elongatum,,AFD,288,Macleay,Carabidae,Scaritini,3,all,30,yes,carnivore,below,carnivore,NA,fossorial/nocturnal/sandy soil,,,10,"smooth thorax, long abdomen, smooth pronotum - abdomen comes to abrupt end",,,absent,predatory,9,6,black shine,large eyes
,Neocarenum sp1,NA,10,,Carabidae,Scaritini,3,notall,,yes,carnivore,below,carnivore,NA,fossorial/nocturnal/sandy soil,,,,,,,,,,,,
,Neocarenum sp2,NA,3,,Carabidae,Scaritini,3,notall,,yes,carnivore,below,carnivore,NA,fossorial/nocturnal/sandy soil,,,,,,,,,,,,
,Neocarenum sp3,NA,2,,Carabidae,Scaritini,3,notall,,yes,carnivore,below,carnivore,NA,fossorial/nocturnal/sandy soil,,,,,,,,,,,,
,Neocarenum sp4,NA,2,,Carabidae,Scaritini,3,notall,,yes,carnivore,below,carnivore,NA,fossorial/nocturnal/sandy soil,,,,,,,,,,,,
Carneodon pecuarius,Neodon pecuarius,AFD,1,,Scarabaeidae,,,notall,,,,,,,,,,,,,,,,,,,
Nyctozoilus impunctatus,,AFD,1,,Tenebrionidae,Cyphaleini,2,notall,,yes,scavenger,concealed places/nocturnal,scavenger,dead plant material,concealed places/nocturnal,subterranean ?,,,,,,,,,,,
,Nyctozoilus sp.,NA,101,,Tenebrionidae,Cyphaleini,3,all,30,yes,scavenger,concealed places/nocturnal,scavenger,dead plant material,concealed places/nocturnal,subterranean ?,,10,"smooth thorax, long abdomen, smooth pronotum - abdomen comes to abrupt end",,,absent,predatory,9,6,black shine,large eyes
Oectosis cylindrica,,AFD,2,,Tenebrionidae,,,notall,,,scavenger,,scavenger,,,,,,,,,,,,,,
Omorgus (Omorgus) elderi,Omorgus elderi,AFD,201,Blackburn,Trogidae,,3,all,14,yes,scavenger,deadstuff dung and fungi,necrophage,dead animals,carcasses/skins/dung,in soil,,33,shoveling head protruding bump-patterned elitra,,,present (large),,5.5,0,brown,shovelling head
,Oophthalmus sp,NA,122,,Curculionidae,Entiminae,1,all,10,yes,herbivore,above,herbivore,,,,,"7,8,46,64,104","grey body slight bumps, black eyes, snout at 45 degrees to head, feint ridges on elytra",,,absent,,3,4,black,
,Paracardiophorus sp.,NA,1,Carter,Elateridae,Cardiophorinae,1,notall,,no,omnivore,concealed places/nocturnal,omnivore,plant material/insect larvae,concealed places/nocturnal,in soil or decaying logs,,,,,,,,,,,
Adotela apicalis,Parroa apicalis,AFD,1,,,,,notall,,,,,,,,,,,,,,,,,,,
Pelororhinus facetus,,AFD,13,Pascoe,Curculionidae,,1,notall,5,no,herbivore,,herbivore,,,,,90,"small weevil, tiger pattern on body",,,present (large),pollinator,1,1,patterned,textured
,Pelororhinus sp,NA,5,,Curculionidae,,,notall,,,herbivore,,herbivore,,,,,,,,,,,,,,
Philophlaeus australis,Philophloeus australis,AFD,3,,Carabidae,Lebiini,1,all,3.5,no,carnivore,on,carnivore,,under bark,,,61,tiger beetle like irridescent elytra long legs thorax diamond shape,,,present (large),,1,1,,"fur on body, large eyes"
Philoscaphus costalis,,AFD,1251,Macleay,Carabidae,Scaritini,3,all,27,yes,carnivore,above,carnivore,,fossorial/nocturnal/sandy soil,,,27,textured abdomen,,,absent,predatory,10,9,black,large eyes
,Phoracantha lacrymosa,not_found,1,(schreibers),Cerambycidae,Cerambycinae,,notall,,no,herbivore,,herbivore,,,,,,,,,,,,,,
Phoracantha obscura,,AFD,2,Donovan,Cerambycidae,Cerambycinae,,notall,,no,herbivore,,herbivore,,,,,,,,,,,,,,
Phyllotocus macleayi,,AFD,1,,Scarabaeidae,Melolonthinae,1,notall,,no,herbivore,,herbivore,adult flowers/larvae humus or root feeders,,in soil,,,,,,,,,,,
,Phyllotocus sp1,NA,11,,Scarabaeidae,Melolonthinae,1,notall,,no,herbivore,,herbivore,adult flowers/larvae humus or root feeders,,in soil,,,,,,,,,,,
Physoloesthus pallidus,,AFD,2,,Carabidae,Licininae,,notall,,,carnivore,,carnivore,,,,,,,,,,,,,,
,Platycoelus sp,NA,1,,Carabidae,Pterostichini,,notall,,no,carnivore,,carnivore,,,,,,,,,,,,,,
Rhytiphora obliqua,Platyomopsis obliqua,AFD,6,Donovan,Cerambycidae,Cerambycinae,,notall,,no,herbivore,,herbivore,,,,,,,,,,,,,,
Rhytiphora pubiventris,Platyomopsis pubiventris,AFD,11,,Cerambycidae,Cerambycinae,,notall,,no,herbivore,,herbivore,,,,,,,,,,,,,,
Polyphrades fortis,,AFD,17,Blackburn,Curculionidae,,2,all,15,yes,herbivore,above,herbivore,,,,,"43, 72,82,114",large black nose at 45angle long legs and internal bump pattern over elytra,,,absent,,5,5,black,
,Polyphrades sp,NA,26,,Curculionidae,,1,all,9,yes,herbivore,above,herbivore,,,,,,,,,,,,,,
,Psapharus sp,NA,4,,Curculionidae,,,notall,,,herbivore,,herbivore,,,,,,,,,,,,,,
Pseudotetralobus fortnumi,,AFD,1,"Schwarz, 1902",Elateridae,Agrypninae,3,all,40,no,omnivore,on,omnivore,larvae feed on termites,concealed places/nocturnal,in termite mounds or logs,,52,large black click beetle (compare with MSP49),,,present (large),,10,9,brown - red,
Ptomaphila lacrymosa,,AFD,1,Schreibers,Silphidae,,,notall,,,,,,,,,,,,,,,,,,,
Rhinaria tibialis,,AFD,11,Lea,Curculionidae,,,notall,,,herbivore,,herbivore,,,,,,,,,,,,,,
Rhytiphora intertincta,,AFD,1,,Cerambycidae,Lamiinae,,notall,,no,herbivore,,herbivore,,,,,,,,,,,,,,
Rhytisternus cyathoderus,,AFD,4,,Carabidae,Pterostichini,2,all,12,no,carnivore,wetriparian,carnivore,NA,hygrophilus,,,"28, 37","small, brown long body, visable jaws (superficially like carabid), ridged elytra (compare with MSP37)",,,present (large),predatory,4.5,4,brown,large eyes
Saragus frenchi,,AFD,16,Carter,Tenebrionidae,Heleini,2,all,12,yes,scavenger,concealed places/nocturnal,scavenger,dead plant material,concealed places/nocturnal,subterranean,,30,Round backs smooth black (smaller beetles),,,present (large),detritivore,8,5,black shine,
Saragus pascoei,,AFD,382,Macleay,Tenebrionidae,Heleini,2,all,24,yes,scavenger,concealed places/nocturnal,scavenger,dead plant material,concealed places/nocturnal,subterranean,,2,Round backs smooth black (larger beetles),,,absent (elytra open but no wings),,16,6,dark brown ,
Scaraphites lenaeus,,AFD,200,Westwood,Carabidae,Scaritini,3,all,39,yes,carnivore,below,carnivore,NA,fossorial/nocturnal/sandy soil,,,"13,45","big jaws, abdomen tips off to a point",,,absent,predatory,15,9,black shine,
,Sciton sp1,NA,3,,Scarabaeidae,Melolonthinae,2,notall,,no,,,,larvae humus or roots,,in soil,,,,,,,,,,,
Semanopterus angustatus,,AFD,20,Blackburn,Scarabaeidae,Dynastinae,2,all,15,no,herbivore,below,herbivore,larvae humus or roots,subterranean and burrowing,subterranean and burrowing,,,,,,,,,,,
Simarus elongatus,,AFD,15,,Tenebrionidae,,1,notall,9,,scavenger,,scavenger,,,,,,,,,,,,,,
,Simodontus sp,NA,1,,Carabidae,Pterostichini,1,notall,,no,carnivore,on,carnivore,,ground,,,,,,,,,,,,
,smooth weevil,NA,1,,Curculionidae,,,notall,,,herbivore,,herbivore,,,,,,,,,,,,,,
Sosytelus rudis,,AFD,1,Blackburn,Curculionidae,,,notall,,,herbivore,,herbivore,,,,,,,,,,,,,,
Sphallomorpha albopicta,,AFD,4,,Carabidae,Pseudomorphinae,1,notall,,no,carnivore,above,carnivore,larvae prey on ants,arboreal/lives under bark,in burrows in ground,,,,,,,,,,,
,Tachys sp1,NA,1,,Carabidae,Trechinae,,notall,,,carnivore,,carnivore,,,,,,,,,,,,,,
,Talaurinus sp1,NA,190,,Curculionidae,Brachycerinae,2,all,14,yes,herbivore,on,herbivore,,,,,55,brown flat face bumps all over body,,,absent,,4,4,brown,textured
,Talaurinus sp2,NA,126,,Curculionidae,Brachycerinae,3,all,25,yes,herbivore,on,herbivore,,,,,,,,,,,,,,
,Talaurinus sp3,NA,16,,Curculionidae,,2,all,13,yes,herbivore,on,herbivore,,,,,,,,,,,,,,
Calotemognatha yarelli,Themognatha yarrelli,AFD,82,,Buprestidae,,3,all,21,no,herbivore,above,herbivore,flowers,,,,,,,,,,,,,
Trachymela explanata,,AFD,1,"(Chapuis, 1877)",Chrysomelidae,,,notall,,,herbivore,,herbivore,,,,,,,,,,,,,,
,Trog sp1,NA,1,,Trogidae,,,notall,,,,,,,,,,,,,,,,,,,
,Weevil,NA,53,,Curculionidae,,,notall,,,herbivore,,herbivore,,,,,,,,,,,,,,
,Weevil sp5,NA,16,,Curculionidae,,,notall,,,herbivore,,herbivore,,,,,,,,,,,,,,
Zuphium australe,,AFD,3,,Carabidae,,1,notall,5,no,carnivore,,carnivore,,,,,60,brown small distinct body shape - abdomen wider than head and thorax,,,present (large),predatory,1,1,brown - shine,